SAC Flow-T,,SAC Flow-G,,FlowRL,,DIME,,QSM,,SAC,,PPO,,MaxEntDP,,,,TD3,,Crossq,,SMPO,,,,QVPO,
X,Y,X,Y,X,Y,X,Y,X,Y,X,Y,X,Y,X,Y,MIN,MAX,X,Y,X,Y,X,Y,MIN,MAX,X,Y
0.001081081,2.715151515,0.002702703,2.327272727,,,0,3.727054,,,-0.000472411,17.97619048,-0.001439539,16.95268925,0.01,-11.05972595,-13.4027071,-10.20844746,0.000481,17.61874699,0,9.458086014,0,-1.125767905,-17.80849386,21.80519647,0.01,-20.22990227
0.004864865,3.296969697,0.008108108,4.072727273,,,0.002994,-2.711076,,,0.00865944,19.46428571,0.007197697,18.45955752,0.02,24.65847564,14.50038433,35.01452255,0.016835017,17.4650702,0.00769,-8.485663414,0.1,71.32604364,46.24197597,137.1185348,0.02,-2.135789394
0.018918919,6.593939394,0.017297297,9.115151515,,,0.005988,-14.483393,,,0.01148675,31.66666667,0.126,22.22396043,0.03,26.42250681,18.34143257,33.5641861,0.019240019,19.10125919,0.015385,8.608276367,0.2,95.44012185,58.42849508,126.7037391,0.03,36.91495132
0.033513514,11.24848485,0.02972973,11.24848485,,,0.008982,21.114079,,,0.020625759,31.66666667,0.164,29.24927346,0.04,27.04404593,20.26258469,37.09289169,0.024050024,18.05816097,0.02307,14.92146206,0.3,101.6209008,52.77040157,126.6486713,0.04,33.14610291
0.049189189,15.9030303,0.041621622,12.60606061,,,0.011976,39.566437,,,0.025471552,24.22619048,0.202,32.26156595,0.05,29.98820686,26.12929153,36.55405426,0.027417027,21.03334937,0.03076,13.54405308,0.4,127.5758366,93.9914965,139.7633865,0.05,28.72308731
0.063783784,23.85454545,0.059459459,17.84242424,,,0.01497,-2.4066403,,,0.037455049,32.85714286,0.24,35.27855162,0.06,33.57017803,28.80932617,38.72761917,0.028860029,26.68768181,0.03845,-5.566372871,0.5,132.1983402,109.5996452,142.905871,0.06,40.3254509
0.074594595,23.66060606,0.074594595,21.91515152,,,0.017964,18.85446,,,0.038939566,24.22619048,0.278,36.78854867,0.07,34.3456111,29.59700966,38.84804916,0.035594036,19.69163002,0.04614,30.02319527,0.6,136.2869905,112.6916627,145.1336163,0.07,37.24178314
0.091351351,29.67272727,0.089189189,23.27272727,,,0.020958,-12.11557,,,0.050433473,34.64285714,0.316,36.79227914,0.08,35.37749863,30.72972488,41.10932541,0.039442039,31.59524668,0.05383,-20.65556335,0.7,136.7607251,125.9782813,147.9405905,0.08,41.01776505
0.108108108,32.96969697,0.13027027,25.21212121,,,0.023952,29.497627,,,0.055262088,30.77380952,0.354,36.54354118,0.09,34.82140207,28.71717262,39.58263397,0.041847042,49.15405472,0.06152,-7.303079128,0.8,136.1119512,123.9280635,148.9189082,0.09,42.85426712
0.116756757,31.80606061,0.163243243,30.44848485,,,0.026946,1.6422886,,,0.062922307,38.21428571,0.392,37.79986643,0.1,36.89174366,34.87567902,40.77373123,0.05002405,22.81233537,0.06921,1.270794034,0.9,137.0993806,129.4022589,151.8826414,0.1,48.94754791
0.14,39.36969697,0.188108108,32.96969697,,,0.02994,40.979534,,,0.06676029,40.29761905,0.43,38.80745372,0.11,36.76236534,33.92910385,41.30916977,0.056277056,30.84618864,0.0769,4.94506979,1,137.3713293,130.4894898,152.5492181,0.11,45.05495453
0.15027027,42.86060606,0.212972973,33.35757576,,,0.032934,26.903763,,,0.06964343,40.89285714,0.468,37.5557013,0.12,36.64419937,34.3139801,40.54192352,0.057239057,26.53042614,0.08459,-19.09424782,,,,,0.12,42.62546158
0.158918919,39.17575758,0.247567568,37.81818182,,,0.035928,19.894775,,,0.081631222,48.63095238,0.506,41.07473571,0.13,37.02030468,34.67420197,41.62739944,0.059163059,24.00009162,0.09228,-18.99269485,,,,,0.13,53.21257782
0.164324324,44.99393939,0.262162162,40.53333333,,,0.038922,22.95856,,,0.093669117,45.95238095,0.544,42.08123996,0.14,37.17404175,33.6593895,41.53136444,0.064935065,45.87337376,0.09997,0.614973009,,,,,0.14,54.27331543
0.165945946,46.73939394,0.283243243,40.14545455,,,0.041916,36.383293,,,0.100393103,48.03571429,0.582,42.83840456,0.15,37.5165453,34.9985733,41.58608246,0.070707071,29.94903685,0.10766,15.48111916,,,,,0.15,60.36271286
0.178918919,49.26060606,0.323243243,41.6969697,,,0.04491,36.37556,,,0.110987998,45.35714286,0.62,44.09472981,0.16,36.9279356,34.19695282,40.64748383,0.074555075,19.97765352,0.11535,-7.071804047,,,,,0.16,64.79888153
0.197837838,46.54545455,0.351891892,45.18787879,,,0.047904,33.968304,,,0.120114123,48.03571429,0.658,44.09581285,0.17,37.30125332,34.42003632,42.11249161,0.07984608,33.81536453,0.12304,12.57259655,,,,,0.17,59.66004562
0.205945946,51.39393939,0.377837838,46.35151515,,,0.050898,32.439037,,,0.124443127,48.03571429,0.696,44.849608,0.18,37.66351032,34.56880951,41.76356506,0.088504089,38.12826393,0.13073,28.15438843,,,,,0.18,48.72743988
0.213513514,53.33333333,0.396756757,46.35151515,,,0.053892,18.880457,,,0.139349848,48.92857143,0.734,47.10930872,0.19,37.81993008,34.98582077,42.64529037,0.094276094,29.79321274,0.13842,5.32885313,,,,,0.19,60.6120491
0.234594595,55.07878788,0.437297297,52.75151515,,,0.056886,47.063343,,,0.165328168,48.03571429,0.772,47.61280152,0.2,37.54863548,34.872612,42.10513306,0.110630111,41.99072643,0.14611,-26.48908234,,,,,0.2,61.20604324
0.246486486,55.07878788,0.46972973,54.3030303,,,0.05988,40.436996,,,0.190822625,47.73809524,0.81,51.12738344,0.21,37.32500935,34.1186676,42.7093277,0.118807119,30.67876898,0.1538,1.058423042,,,,,0.21,56.40406036
0.257837838,56.24242424,0.485405405,54.4969697,,,0.062874,42.0168,,,0.228334937,48.92857143,0.848,59.16581929,0.22,38.22023964,34.93526077,42.67829514,0.123617124,34.54638505,0.16149,20.99582291,,,,,0.22,54.60255051
0.262702703,58.37575758,0.499459459,57.79393939,,,0.065868,43.88179,,,0.24133197,46.8452381,0.886,67.19775691,0.23,36.34840393,32.53929901,41.33794022,0.130832131,28.1454282,0.16918,3.329413891,,,,,0.23,79.14966583
0.272972973,58.95757576,0.507027027,58.76363636,,,0.068862,46.74007,,,0.280751105,51.60714286,0.924,71.21498926,0.24,37.9253006,33.94886017,42.92916107,0.142376142,32.90389725,0.17687,2.170542002,,,,,0.24,63.60840607
0.281081081,58.56969697,0.55027027,65.55151515,,,0.071856,53.135235,,,0.301448441,48.63095238,0.962,76.4940824,0.25,36.42954111,31.6132412,42.2453537,0.145743146,43.61718088,0.18456,-1.866639972,,,,,0.25,58.07512665
0.292432432,60.7030303,0.556216216,67.49090909,,,0.07485,42.72584,,,0.334127843,54.58333333,1,86.22518367,0.26,37.38154697,32.26678467,42.55135345,0.154882155,45.54898475,0.19225,10.41647434,,,,,0.26,72.69581604
0.294054054,60.8969697,0.573513514,66.32727273,,,0.077844,52.042347,,,0.34664674,51.9047619,,,0.27,37.15813923,33.48864365,42.34663391,0.172679173,40.18654516,0.19994,3.063431978,,,,,0.27,77.9090271
0.317837838,59.73333333,0.594594595,69.43030303,,,0.080838,45.418686,,,0.367309719,56.07142857,,,0.28,37.93325043,34.13478851,43.09540558,0.176527177,47.32825706,0.20763,10.99701118,,,,,0.28,62.61431122
0.321081081,59.15151515,0.604324324,70.01212121,,,0.083832,48.640263,,,0.398098044,55.17857143,,,0.29,37.49676895,34.1497345,42.73254776,0.202501203,40.62409812,0.21532,18.46251106,,,,,0.29,61.31276321
0.33027027,63.03030303,0.619459459,69.43030303,,,0.086826,56.09666,,,0.410592604,57.55952381,,,0.3,37.14243793,32.78961945,43.00431061,0.214045214,46.12661479,0.22301,-11.32200718,,,,,0.3,74.28175354
0.341081081,64,0.638918919,73.30909091,,,0.08982,51.889347,,,0.441376635,57.55952381,,,0.31,37.51532173,34.10587311,42.62047195,0.229437229,40.3184624,0.2307,-17.45714188,,,,,0.31,70.92352295
0.380540541,60.8969697,0.64972973,73.30909091,,,0.092814,52.520702,,,0.455810944,56.66666667,,,0.32,37.78636551,33.72436523,42.70263672,0.237614238,47.31007639,0.23839,3.924565077,,,,,0.32,66.47478485
0.386486486,63.41818182,0.675675676,75.05454545,,,0.095808,67.27064,,,0.491857349,62.61904762,,,0.33,38.31605721,35.33589935,43.59204865,0.247234247,43.58697519,0.24608,-3.204865932,,,,,0.33,69.08267975
0.393513514,65.35757576,0.681621622,75.83030303,,,0.098802,52.68683,,,0.50726368,59.64285714,,,0.34,37.42058277,32.93408966,43.23588943,0.255892256,46.11416031,0.25377,8.534151077,,,,,0.34,66.30131531
0.4,64.96969697,0.695675676,75.05454545,,,0.101796,42.28939,,,0.540432671,63.80952381,,,0.35,37.6349659,32.81451035,43.1795578,0.26984127,42.68738977,0.26146,-12.57001591,,,,,0.35,58.77918243
0.41027027,67.2969697,0.705945946,77.57575758,,,0.10479,59.24837,,,0.559203143,61.42857143,,,0.36,37.89345264,31.78060913,44.33247757,0.288600289,49.22942578,0.26915,-25.34507179,,,,,0.36,75.89884186
0.422702703,69.81818182,0.718918919,76.21818182,,,0.107784,56.65235,,,0.578911278,64.10714286,,,0.37,37.2078495,32.19455719,43.46807098,0.303511304,44.90951178,0.27684,-9.661416054,,,,,0.37,62.58883667
0.429189189,69.43030303,0.727027027,78.35151515,,,0.110778,53.40215,,,0.588518404,66.78571429,,,0.38,38.47377491,33.83596039,43.69087982,0.321789322,51.60050047,0.28453,-23.07390594,,,,,0.38,73.12624359
0.438378378,70.01212121,0.729189189,78.54545455,,,0.113772,53.5566,,,0.595747727,63.80952381,,,0.39,36.8307662,31.89438438,43.40200043,0.341029341,54.57096475,0.29222,-8.881646156,,,,,0.39,83.28620911
0.453513514,73.5030303,0.744864865,80.48484848,,,0.116766,61.656693,,,0.597633077,71.8452381,,,0.4,36.51085854,30.91688156,43.36411667,0.351611352,57.84162487,0.29991,-14.57799911,,,,,0.4,64.87242889
0.463243243,73.30909091,0.759459459,81.06666667,,,0.11976,58.148064,,,0.597624488,73.63095238,,,0.41,37.68107033,32.83610535,44.23234558,0.367965368,52.92604331,0.3076,34.72088623,,,,,0.41,81.19749451
0.474594595,72.72727273,0.77027027,82.23030303,,,0.122754,61.50853,,,0.600075299,64.10714286,,,0.42,36.79649687,31.13933754,42.59214783,0.376142376,50.84027635,0.31529,1.596588969,,,,,0.42,84.54055786
0.495135135,77.57575758,0.775135135,81.26060606,,,0.125748,92.50041,,,0.602491754,61.72619048,,,0.43,37.51608467,32.37725449,43.90458298,0.400673401,55.14845164,0.32298,20.50297356,,,,,0.43,90.13618469
0.507027027,78.93333333,0.804324324,84.16969697,,,0.128742,69.54344,,,0.606344053,60.83333333,,,0.44,37.61024094,32.38271332,43.85953903,0.407407407,53.80716175,0.33067,-4.248711109,,,,,0.44,91.39543915
0.525405405,77.18787879,0.816216216,83.2,,,0.131736,55.719597,,,0.612595627,61.13095238,,,0.45,37.78330231,31.49126816,43.81116104,0.407407407,50.53335223,0.33836,-0.445612013,,,,,0.45,93.66529846
0.537837838,76.41212121,0.824324324,82.81212121,,,0.13473,76.124596,,,0.627505211,61.42857143,,,0.46,38.0953474,32.96492386,43.99516678,0.434343434,57.81700222,0.34605,6.955005169,,,,,0.46,99.92008972
0.545945946,78.15757576,0.841621622,82.81212121,,,0.137724,95.737465,,,0.649635528,60.53571429,,,0.47,37.91508198,33.33050537,43.97418594,0.466570467,55.57526799,0.35374,1.510846972,,,,,0.47,81.47283936
0.561621622,80.48484848,0.844324324,84.75151515,,,0.140718,71.96935,,,0.653483531,60.53571429,,,0.48,37.16483974,31.53310776,43.69977951,0.468013468,54.8307909,0.36143,8.073355675,,,,,0.48,87.35668182
0.573513514,79.32121212,0.845945946,84.94545455,,,0.143712,55.233852,,,0.655885671,61.13095238,,,0.49,37.777174,32.75613022,44.28911972,0.473304473,54.8292162,0.36912,-6.195750237,,,,,0.49,94.58778381
0.587567568,80.0969697,0.855135135,82.42424242,,,0.146706,75.60905,,,0.669327916,66.48809524,,,0.5,36.84311867,31.18713379,43.8704567,0.483405483,62.86192423,0.37681,-3.666414976,,,,,0.5,88.68251038
0.624324324,85.13939394,0.857297297,82.42424242,,,0.1497,102.67557,,,0.677009609,69.46428571,,,0.51,37.51289558,32.23894501,43.97031784,0.498797499,56.7561528,0.3845,-7.267282963,,,,,0.51,97.04336548
0.631351351,83.39393939,0.872972973,83.78181818,,,0.152694,49.289413,,,0.682332108,62.91666667,,,0.52,36.93475437,29.74880981,44.59662628,0.513227513,61.36495339,0.39219,-16.58725548,,,,,0.52,99.37314606
0.64972973,86.88484848,0.887567568,85.52727273,,,0.155688,88.002525,,,0.684257541,62.61904762,,,0.53,37.3996439,32.00061417,43.72958755,0.535834536,57.48917749,0.39988,-0.845107019,,,,,0.53,85.80715942
0.662162162,88.82424242,0.902162162,86.88484848,,,0.158682,81.7622,,,0.694354257,63.51190476,,,0.54,37.75327206,33.16469574,43.98646164,0.540644541,62.2496507,0.40757,-26.35449409,,,,,0.54,97.7327652
0.683783784,88.24242424,0.915675676,86.3030303,,,0.161676,72.93704,,,0.701089695,63.21428571,,,0.55,37.65341854,32.69697189,43.79171753,0.544973545,57.93288612,0.41526,-12.02298832,,,,,0.55,89.10142517
0.716216216,90.56969697,0.918918919,86.10909091,,,0.16467,65.08607,,,0.702562759,56.96428571,,,0.56,37.53400612,31.15630722,44.8300209,0.56036556,64.32711468,0.42295,-8.895095825,,,,,0.56,89.61038971
0.725405405,91.34545455,0.924864865,85.91515152,,,0.167664,105.163795,,,0.711673137,62.91666667,,,0.57,37.28266668,31.31566429,43.99285126,0.562770563,56.29068462,0.43064,19.95339394,,,,,0.57,94.37339783
0.74,89.21212121,0.942702703,86.69090909,,,0.170658,44.633087,,,0.724655856,63.80952381,,,0.58,37.9544487,33.01284027,43.54650116,0.568061568,54.50339563,0.43833,-13.9265976,,,,,0.58,97.24269867
0.74972973,90.56969697,0.948648649,86.88484848,,,0.173652,43.02781,,,0.742945326,61.42857143,,,0.59,38.17945385,33.00919724,44.01896286,0.575276575,54.05481974,0.44602,-21.13585281,,,,,0.59,98.98165131
0.757297297,91.15151515,0.961621622,85.91515152,,,0.176646,84.46827,,,0.754009769,61.13095238,,,0.6,38.47986507,34.0291214,44.06332397,0.588263588,63.87238313,0.45371,-18.01196289,,,,,0.6,87.43105316
0.787567568,91.15151515,0.976756757,87.27272727,,,0.17964,105.85809,,,0.759751712,67.38095238,,,0.61,38.52999592,33.49496841,44.96598053,0.600769601,64.01747062,0.4614,-4.681186199,,,,,0.61,98.75782776
0.799459459,92.7030303,0.979459459,87.46666667,,,0.182634,99.16247,,,0.762186777,61.13095238,,,0.62,39.0627594,33.69510651,44.94081879,0.615680616,59.54874711,0.46909,-5.607079029,,,,,0.62,95.49494934
0.811351351,93.67272727,0.988648649,87.46666667,,,0.185628,91.64511,,,0.766968151,67.08333333,,,0.63,38.05954933,32.73250198,44.6445694,0.641173641,57.60663609,0.47678,-30.11149406,,,,,0.63,94.03429413
0.826486486,92.50909091,0.995675676,87.66060606,,,0.188622,99.25263,,,0.768877837,70.05952381,,,0.64,38.02586746,33.32357788,44.20454788,0.641173641,57.01139799,0.48447,-14.09231091,,,,,0.64,98.62493896
0.847027027,92.50909091,0.997297297,87.85454545,,,0.191616,104.621376,,,0.774180295,67.67857143,,,0.65,38.09291744,33.62049103,43.44023132,0.643097643,58.20130156,0.49216,-25.01523018,,,,,0.65,100.5649033
0.868648649,93.86666667,,,,,0.19461,67.893776,,,0.784294189,65,,,0.66,37.54769039,32.58259964,44.45075226,0.651274651,61.02624888,0.49985,-19.70438957,,,,,0.66,106.2307281
0.885405405,92.12121212,,,,,0.197604,110.10699,,,0.793443219,62.91666667,,,0.67,37.97614098,32.51186371,44.2545166,0.658970659,56.85729174,0.50754,7.540184021,,,,,0.67,102.1844482
0.900540541,92.8969697,,,,,0.200598,64.61776,,,0.797742161,69.16666667,,,0.68,37.92808819,32.88375092,44.98595428,0.664261664,57.45095513,0.51523,7.459290981,,,,,0.68,85.17084503
0.905405405,93.09090909,,,,,0.203592,102.87905,,,0.80497721,65,,,0.69,38.2191658,33.23529816,45.05018234,0.670514671,56.1098084,0.52292,-3.167172909,,,,,0.69,95.92281342
0.917297297,92.7030303,,,,,0.206586,73.2113,,,0.806420211,65,,,0.7,37.76344967,31.20646286,44.93105316,0.676286676,60.72118578,0.53061,9.122405052,,,,,0.7,100.2716522
0.928108108,92.8969697,,,,,0.20958,118.32161,,,0.814106198,67.08333333,,,0.71,39.40472984,34.56797028,45.87623596,0.687349687,56.55122655,0.5383,-27.15418816,,,,,0.71,98.26786804
0.935135135,93.47878788,,,,,0.212574,122.921776,,,0.814134829,61.13095238,,,0.72,39.13375187,34.49584579,45.284935,0.692640693,56.10322328,0.54599,-15.62506008,,,,,0.72,95.05761719
0.942702703,93.09090909,,,,,0.215568,133.18898,,,0.824718271,60.83333333,,,0.73,39.24927235,34.00485229,44.99557877,0.693121693,59.67450869,0.55368,11.87950516,,,,,0.73,101.8567734
0.951351351,93.86666667,,,,,0.218562,109.897804,,,0.831906079,66.48809524,,,0.74,37.16498709,30.94370079,45.05285645,0.697931698,54.01831524,0.56137,41.54835129,,,,,0.74,103.1665039
0.959459459,94.64242424,,,,,0.221556,111.091354,,,0.835711136,75.41666667,,,0.75,37.65588093,30.87806702,45.25295258,0.700817701,59.67221821,0.56906,-10.97353935,,,,,0.75,92.31990051
0.965405405,94.44848485,,,,,0.22455,110.50174,,,0.845847935,67.97619048,,,0.76,39.15640163,33.55916595,46.02726746,0.704184704,54.76050184,0.57675,5.313061237,,,,,0.76,98.7830658
0.97027027,94.06060606,,,,,0.227544,119.351585,,,0.847295231,67.08333333,,,0.77,37.73308086,31.61010361,45.33928299,0.707070707,59.37273815,0.58444,10.86283398,,,,,0.77,101.6538773
0.978378378,94.64242424,,,,,0.230538,119.62771,,,0.853057216,69.16666667,,,0.78,38.73988152,32.70773315,45.62806702,0.708513709,58.92588012,0.59213,27.42786026,,,,,0.78,95.98840332
0.982702703,93.86666667,,,,,0.233532,119.36673,,,0.86029656,64.10714286,,,0.79,37.44722176,31.10333252,45.64715576,0.713804714,61.15644827,0.59982,20.8983345,,,,,0.79,105.1966782
0.984324324,93.86666667,,,,,0.236526,114.95347,,,0.862230582,62.02380952,,,0.8,38.48619175,33.36421967,45.08949661,0.714285714,61.90035273,0.60751,4.16173315,,,,,0.8,96.77375793
0.988648649,95.03030303,,,,,0.23952,84.909004,,,0.874705101,68.57142857,,,0.81,38.85533142,33.84492111,45.79069138,0.724867725,59.66506047,0.6152,-10.55495739,,,,,0.81,98.31034851
0.98972973,95.41818182,,,,,0.242514,104.65418,,,0.890051307,78.0952381,,,0.82,38.93947601,34.15900421,45.53839874,0.727753728,63.38443963,0.62289,-5.784860134,,,,,0.82,100.6034164
0.991351351,95.41818182,,,,,0.245508,122.98701,,,0.888098674,84.04761905,,,0.83,38.67620659,34.20297623,45.07380676,0.736411736,60.40567237,0.63058,-12.54699612,,,,,0.83,98.0138092
0.994594595,95.22424242,,,,,0.248502,97.43334,,,0.897731567,81.36904762,,,0.84,38.55703354,33.04991913,45.93692017,0.745550746,61.14700005,0.63827,-9.400227547,,,,,0.84,108.4656143
0.996756757,95.03030303,,,,,0.251496,106.90233,,,0.899181727,79.88095238,,,0.85,38.09520102,31.81550026,45.75215149,0.756613757,69.77465986,0.64596,-26.9017334,,,,,0.85,102.9748383
0.998378378,95.03030303,,,,,0.25449,96.30017,,,0.903044046,76.9047619,,,0.86,37.59755802,32.04345322,44.66233444,0.757094757,69.77451671,0.65365,23.95920563,,,,,0.86,91.46643066
,,,,,,0.257484,119.388855,,,0.916038217,75.41666667,,,0.87,37.90470171,31.80292702,45.34514618,0.759499759,66.79761046,0.66134,-1.562294006,,,,,0.87,99.05000305
,,,,,,0.260478,125.425896,,,0.921805928,76.30952381,,,0.88,38.04797554,32.527771,44.92292786,0.762866763,70.81446552,0.66903,-22.23855782,,,,,0.88,96.65979004
,,,,,,0.263472,112.280075,,,0.926613069,76.9047619,,,0.89,37.99017239,32.14893723,45.68926239,0.77008177,63.371842,0.67672,-19.23898506,,,,,0.89,102.9688263
,,,,,,0.266466,114.17003,,,0.941051673,75.11904762,,,0.9,37.07015228,31.62174988,45.08501434,0.774410774,67.98364885,0.68441,15.93154621,,,,,0.9,101.0034332
,,,,,,0.26946,120.8502,,,0.944428697,73.03571429,,,0.91,38.14897346,32.735672,45.72745895,0.782106782,63.36826313,0.6921,-11.24089909,,,,,0.91,101.6740875
,,,,,,0.272454,110.300316,,,0.949736881,69.46428571,,,0.92,39.31969738,34.73732758,46.01036072,0.784030784,70.8081667,0.69979,7.869888783,,,,,0.92,94.49581146
,,,,,,0.275448,119.1514,,,0.952620021,70.05952381,,,0.93,38.09227085,33.06049728,46.14880753,0.784992785,72.29597563,0.70748,11.02202988,,,,,0.93,88.13880157
,,,,,,0.278442,80.73383,,,0.961260851,73.63095238,,,0.94,37.73261976,31.71106529,45.76274872,0.788359788,74.22949735,0.71517,-12.43165779,,,,,0.94,101.5963058
,,,,,,0.281436,124.378815,,,0.966551856,73.63095238,,,0.95,37.86083412,32.2654953,45.54330063,0.800865801,62.91625152,0.72286,12.89239025,,,,,0.95,107.437706
,,,,,,0.28443,108.00378,,,0.973786905,69.46428571,,,0.96,39.04837608,33.26080704,45.95914841,0.806637807,59.34310509,0.73055,-11.65472603,,,,,0.96,107.0390625
,,,,,,0.287424,87.1787,,,0.976648572,74.52380952,,,0.97,38.80268764,34.27473831,45.96190643,0.807599808,59.34281878,0.73824,-4.122177124,,,,,0.97,98.0066452
,,,,,,0.290418,76.179886,,,0.987253487,69.76190476,,,0.98,37.75109386,31.37849808,45.51030731,0.803751804,64.2546783,0.74593,8.278844833,,,,,0.98,103.7270889
,,,,,,0.293412,106.66356,,,0.992555945,67.38095238,,,0.99,37.50386858,31.75842857,46.2658844,0.812409812,69.31162532,0.75362,12.98583603,,,,,0.99,98.23310852
,,,,,,0.296406,125.10709,,,0.99926991,71.54761905,,,1,38.01866627,32.82386017,45.51794052,0.81962482,73.77376371,0.76131,9.381064415,,,,,1,105.7601547
,,,,,,0.2994,123.12634,,,,,,,,,,,0.823472823,75.70714228,0.769,-1.350522995,,,,,,
,,,,,,0.302394,87.29427,,,,,,,,,,,0.832611833,65.13894615,0.77669,19.4445591,,,,,,
,,,,,,0.305388,124.15871,,,,,,,,,,,0.834054834,63.20399288,0.78438,-2.572066069,,,,,,
,,,,,,0.308382,124.696144,,,,,,,,,,,0.835497835,61.2690396,0.79207,3.418746948,,,,,,
,,,,,,0.311376,38.446423,,,,,,,,,,,0.844636845,71.83179585,0.79976,-11.0737896,,,,,,
,,,,,,0.31437,71.99661,,,,,,,,,,,0.848484848,74.80684109,0.80745,-5.932778835,,,,,,
,,,,,,0.317364,107.19196,,,,,,,,,,,0.854737855,79.12045626,0.81514,-2.075622082,,,,,,
,,,,,,0.320358,126.69646,,,,,,,,,,,0.860509861,79.7139765,0.82283,10.93288326,,,,,,
,,,,,,0.323352,107.8132,,,,,,,,,,,0.868686869,68.55082858,0.83052,52.53667068,,,,,,
,,,,,,0.326346,124.18336,,,,,,,,,,,0.873015873,60.66263542,0.83821,41.08963776,,,,,,
,,,,,,0.32934,59.78728,,,,,,,,,,,0.871572872,62.74639822,0.8459,-17.24678802,,,,,,
,,,,,,0.332334,105.94958,,,,,,,,,,,0.877825878,77.17906102,0.85359,1.681499958,,,,,,
,,,,,,0.335328,108.91124,,,,,,,,,,,0.882635883,79.70739137,0.86128,1.775336981,,,,,,
,,,,,,0.338322,107.20892,,,,,,,,,,,0.887926888,81.04510238,0.86897,1.075703979,,,,,,
,,,,,,0.341316,105.34596,,,,,,,,,,,0.891293891,76.28219554,0.87666,-13.14841461,,,,,,
,,,,,,0.34431,124.106224,,,,,,,,,,,0.8999519,66.75580923,0.88435,-18.29943085,,,,,,
,,,,,,0.347304,107.05112,,,,,,,,,,,0.902356902,64.67176012,0.89204,1.088284016,,,,,,
,,,,,,0.350298,137.69278,,,,,,,,,,,0.907166907,63.47985238,0.89973,7.185361862,,,,,,
,,,,,,0.353292,111.602516,,,,,,,,,,,0.920634921,75.52941547,0.90742,24.35125542,,,,,,
,,,,,,0.356286,117.21067,,,,,,,,,,,0.921596922,77.31484345,0.91511,-11.40158653,,,,,,
,,,,,,0.35928,133.88403,,,,,,,,,,,0.924001924,82.22484196,0.9228,4.471487999,,,,,,
,,,,,,0.362274,95.58213,,,,,,,,,,,0.924963925,82.81979374,0.93049,16.96879005,,,,,,
,,,,,,0.365268,111.09527,,,,,,,,,,,0.934583935,74.03716874,0.93818,-4.594890118,,,,,,
,,,,,,0.368262,114.905304,,,,,,,,,,,0.935064935,67.93583511,0.94587,-4.020434856,,,,,,
,,,,,,0.371256,97.242714,,,,,,,,,,,0.938431938,66.74435683,0.95356,15.94580078,,,,,,
,,,,,,0.37425,118.64411,,,,,,,,,,,0.954785955,79.98353719,0.96125,-23.34704971,,,,,,
,,,,,,0.377244,115.91486,,,,,,,,,,,0.956709957,80.57820266,0.96894,27.04456711,,,,,,
,,,,,,0.380238,130.20126,,,,,,,,,,,0.962000962,66.29091367,0.97663,-23.84673691,,,,,,
,,,,,,0.383232,128.78955,,,,,,,,,,,0.962000962,66.73734224,0.98432,-6.279448032,,,,,,
,,,,,,0.386226,125.88662,,,,,,,,,,,0.965367965,79.08753064,1,-22.19871712,,,,,,
,,,,,,0.38922,130.12509,,,,,,,,,,,0.972101972,81.46647885,,,,,,,,
,,,,,,0.392214,130.97562,,,,,,,,,,,0.972582973,73.13300236,,,,,,,,
,,,,,,0.395208,132.3764,,,,,,,,,,,0.972582973,71.79371664,,,,,,,,
,,,,,,0.398202,120.0656,,,,,,,,,,,0.977392977,81.01847557,,,,,,,,
,,,,,,0.401196,131.98534,,,,,,,,,,,0.984607985,73.12942349,,,,,,,,
,,,,,,0.40419,126.699005,,,,,,,,,,,0.986050986,71.64089878,,,,,,,,
,,,,,,0.407184,126.70858,,,,,,,,,,,0.987974988,78.48556426,,,,,,,,
,,,,,,0.410178,123.70347,,,,,,,,,,,0.989417989,72.23513479,,,,,,,,
,,,,,,0.413172,130.24486,,,,,,,,,,,0.992303992,76.69856158,,,,,,,,
,,,,,,0.416166,113.867905,,,,,,,,,,,0.995670996,74.16779759,,,,,,,,
,,,,,,0.41916,105.9768,,,,,,,,,,,0.998075998,73.12541515,,,,,,,,
,,,,,,0.422154,130.79488,,,,,,,,,,,,,,,,,,,,
,,,,,,0.425148,126.78209,,,,,,,,,,,,,,,,,,,,
,,,,,,0.428142,125.7862,,,,,,,,,,,,,,,,,,,,
,,,,,,0.431136,113.13384,,,,,,,,,,,,,,,,,,,,
,,,,,,0.43413,123.16961,,,,,,,,,,,,,,,,,,,,
,,,,,,0.437124,130.67563,,,,,,,,,,,,,,,,,,,,
,,,,,,0.440118,126.8058,,,,,,,,,,,,,,,,,,,,
,,,,,,0.443112,127.59883,,,,,,,,,,,,,,,,,,,,
,,,,,,0.446106,136.68437,,,,,,,,,,,,,,,,,,,,
,,,,,,0.4491,109.07159,,,,,,,,,,,,,,,,,,,,
,,,,,,0.452094,111.988235,,,,,,,,,,,,,,,,,,,,
,,,,,,0.455088,130.30832,,,,,,,,,,,,,,,,,,,,
,,,,,,0.458082,124.345245,,,,,,,,,,,,,,,,,,,,
,,,,,,0.461076,108.65297,,,,,,,,,,,,,,,,,,,,
,,,,,,0.46407,132.31865,,,,,,,,,,,,,,,,,,,,
,,,,,,0.467064,127.047676,,,,,,,,,,,,,,,,,,,,
,,,,,,0.470058,128.05174,,,,,,,,,,,,,,,,,,,,
,,,,,,0.473052,122.75713,,,,,,,,,,,,,,,,,,,,
,,,,,,0.476046,130.11389,,,,,,,,,,,,,,,,,,,,
,,,,,,0.47904,126.51739,,,,,,,,,,,,,,,,,,,,
,,,,,,0.482034,109.70271,,,,,,,,,,,,,,,,,,,,
,,,,,,0.485028,129.90671,,,,,,,,,,,,,,,,,,,,
,,,,,,0.488022,126.85455,,,,,,,,,,,,,,,,,,,,
,,,,,,0.491016,60.390095,,,,,,,,,,,,,,,,,,,,
,,,,,,0.49401,125.21227,,,,,,,,,,,,,,,,,,,,
,,,,,,0.497004,130.51541,,,,,,,,,,,,,,,,,,,,
,,,,,,0.499998,128.92311,,,,,,,,,,,,,,,,,,,,
,,,,,,0.502992,121.40903,,,,,,,,,,,,,,,,,,,,
,,,,,,0.505986,133.51657,,,,,,,,,,,,,,,,,,,,
,,,,,,0.50898,121.198456,,,,,,,,,,,,,,,,,,,,
,,,,,,0.511974,89.95454,,,,,,,,,,,,,,,,,,,,
,,,,,,0.514968,132.90881,,,,,,,,,,,,,,,,,,,,
,,,,,,0.517962,133.57991,,,,,,,,,,,,,,,,,,,,
,,,,,,0.520956,128.69646,,,,,,,,,,,,,,,,,,,,
,,,,,,0.52395,127.41735,,,,,,,,,,,,,,,,,,,,
,,,,,,0.526944,112.56358,,,,,,,,,,,,,,,,,,,,
,,,,,,0.529938,127.032265,,,,,,,,,,,,,,,,,,,,
,,,,,,0.532932,115.0474,,,,,,,,,,,,,,,,,,,,
,,,,,,0.535926,129.21703,,,,,,,,,,,,,,,,,,,,
,,,,,,0.53892,129.17159,,,,,,,,,,,,,,,,,,,,
,,,,,,0.541914,128.30373,,,,,,,,,,,,,,,,,,,,
,,,,,,0.544908,132.23833,,,,,,,,,,,,,,,,,,,,
,,,,,,0.547902,121.57483,,,,,,,,,,,,,,,,,,,,
,,,,,,0.550896,129.72075,,,,,,,,,,,,,,,,,,,,
,,,,,,0.55389,127.98845,,,,,,,,,,,,,,,,,,,,
,,,,,,0.556884,134.54063,,,,,,,,,,,,,,,,,,,,
,,,,,,0.559878,126.772224,,,,,,,,,,,,,,,,,,,,
,,,,,,0.562872,129.71089,,,,,,,,,,,,,,,,,,,,
,,,,,,0.565866,132.41568,,,,,,,,,,,,,,,,,,,,
,,,,,,0.56886,124.27733,,,,,,,,,,,,,,,,,,,,
,,,,,,0.571854,128.5614,,,,,,,,,,,,,,,,,,,,
,,,,,,0.574848,132.50984,,,,,,,,,,,,,,,,,,,,
,,,,,,0.577842,117.14389,,,,,,,,,,,,,,,,,,,,
,,,,,,0.580836,129.86,,,,,,,,,,,,,,,,,,,,
,,,,,,0.58383,124.65539,,,,,,,,,,,,,,,,,,,,
,,,,,,0.586824,125.966835,,,,,,,,,,,,,,,,,,,,
,,,,,,0.589818,129.15125,,,,,,,,,,,,,,,,,,,,
,,,,,,0.592812,130.984,,,,,,,,,,,,,,,,,,,,
,,,,,,0.595806,137.65138,,,,,,,,,,,,,,,,,,,,
,,,,,,0.5988,128.85966,,,,,,,,,,,,,,,,,,,,
,,,,,,0.601794,125.10917,,,,,,,,,,,,,,,,,,,,
,,,,,,0.604788,125.09293,,,,,,,,,,,,,,,,,,,,
,,,,,,0.607782,133.16267,,,,,,,,,,,,,,,,,,,,
,,,,,,0.610776,116.3521,,,,,,,,,,,,,,,,,,,,
,,,,,,0.61377,60.842022,,,,,,,,,,,,,,,,,,,,
,,,,,,0.616764,131.27759,,,,,,,,,,,,,,,,,,,,
,,,,,,0.619758,104.104904,,,,,,,,,,,,,,,,,,,,
,,,,,,0.622752,113.323685,,,,,,,,,,,,,,,,,,,,
,,,,,,0.625746,103.016014,,,,,,,,,,,,,,,,,,,,
,,,,,,0.62874,128.66753,,,,,,,,,,,,,,,,,,,,
,,,,,,0.631734,104.487564,,,,,,,,,,,,,,,,,,,,
,,,,,,0.634728,71.27402,,,,,,,,,,,,,,,,,,,,
,,,,,,0.637722,128.69469,,,,,,,,,,,,,,,,,,,,
,,,,,,0.640716,131.54837,,,,,,,,,,,,,,,,,,,,
,,,,,,0.64371,126.9607,,,,,,,,,,,,,,,,,,,,
,,,,,,0.646704,110.71138,,,,,,,,,,,,,,,,,,,,
,,,,,,0.649698,108.3768,,,,,,,,,,,,,,,,,,,,
,,,,,,0.652692,110.49104,,,,,,,,,,,,,,,,,,,,
,,,,,,0.655686,90.31112,,,,,,,,,,,,,,,,,,,,
,,,,,,0.65868,97.33165,,,,,,,,,,,,,,,,,,,,
,,,,,,0.661674,106.71349,,,,,,,,,,,,,,,,,,,,
,,,,,,0.664668,118.6788,,,,,,,,,,,,,,,,,,,,
,,,,,,0.667662,97.44249,,,,,,,,,,,,,,,,,,,,
,,,,,,0.670656,130.36757,,,,,,,,,,,,,,,,,,,,
,,,,,,0.67365,132.46121,,,,,,,,,,,,,,,,,,,,
,,,,,,0.676644,135.38672,,,,,,,,,,,,,,,,,,,,
,,,,,,0.679638,127.651306,,,,,,,,,,,,,,,,,,,,
,,,,,,0.682632,117.10543,,,,,,,,,,,,,,,,,,,,
,,,,,,0.685626,123.17987,,,,,,,,,,,,,,,,,,,,
,,,,,,0.68862,127.03099,,,,,,,,,,,,,,,,,,,,
,,,,,,0.691614,129.27994,,,,,,,,,,,,,,,,,,,,
,,,,,,0.694608,139.50795,,,,,,,,,,,,,,,,,,,,
,,,,,,0.697602,93.57059,,,,,,,,,,,,,,,,,,,,
,,,,,,0.700596,145.90666,,,,,,,,,,,,,,,,,,,,
,,,,,,0.70359,131.04962,,,,,,,,,,,,,,,,,,,,
,,,,,,0.706584,120.53077,,,,,,,,,,,,,,,,,,,,
,,,,,,0.709578,134.8028,,,,,,,,,,,,,,,,,,,,
,,,,,,0.712572,105.50381,,,,,,,,,,,,,,,,,,,,
,,,,,,0.715566,132.06065,,,,,,,,,,,,,,,,,,,,
,,,,,,0.71856,130.24976,,,,,,,,,,,,,,,,,,,,
,,,,,,0.721554,107.73175,,,,,,,,,,,,,,,,,,,,
,,,,,,0.724548,135.9759,,,,,,,,,,,,,,,,,,,,
,,,,,,0.727542,106.12368,,,,,,,,,,,,,,,,,,,,
,,,,,,0.730536,114.19204,,,,,,,,,,,,,,,,,,,,
,,,,,,0.73353,124.572914,,,,,,,,,,,,,,,,,,,,
,,,,,,0.736524,116.05903,,,,,,,,,,,,,,,,,,,,
,,,,,,0.739518,41.409603,,,,,,,,,,,,,,,,,,,,
,,,,,,0.742512,126.73065,,,,,,,,,,,,,,,,,,,,
,,,,,,0.745506,86.98574,,,,,,,,,,,,,,,,,,,,
,,,,,,0.7485,134.65327,,,,,,,,,,,,,,,,,,,,
,,,,,,0.751494,135.29916,,,,,,,,,,,,,,,,,,,,
,,,,,,0.754488,136.126,,,,,,,,,,,,,,,,,,,,
,,,,,,0.757482,137.90327,,,,,,,,,,,,,,,,,,,,
,,,,,,0.760476,132.37468,,,,,,,,,,,,,,,,,,,,
,,,,,,0.76347,137.88579,,,,,,,,,,,,,,,,,,,,
,,,,,,0.766464,138.73715,,,,,,,,,,,,,,,,,,,,
,,,,,,0.769458,132.08667,,,,,,,,,,,,,,,,,,,,
,,,,,,0.772452,135.49054,,,,,,,,,,,,,,,,,,,,
,,,,,,0.775446,131.11522,,,,,,,,,,,,,,,,,,,,
,,,,,,0.77844,133.36745,,,,,,,,,,,,,,,,,,,,
,,,,,,0.781434,135.19095,,,,,,,,,,,,,,,,,,,,
,,,,,,0.784428,137.13097,,,,,,,,,,,,,,,,,,,,
,,,,,,0.787422,131.92168,,,,,,,,,,,,,,,,,,,,
,,,,,,0.790416,132.61778,,,,,,,,,,,,,,,,,,,,
,,,,,,0.79341,115.975,,,,,,,,,,,,,,,,,,,,
,,,,,,0.796404,131.47278,,,,,,,,,,,,,,,,,,,,
,,,,,,0.799398,131.92114,,,,,,,,,,,,,,,,,,,,
,,,,,,0.802392,105.00867,,,,,,,,,,,,,,,,,,,,
,,,,,,0.805386,47.109035,,,,,,,,,,,,,,,,,,,,
,,,,,,0.80838,137.5698,,,,,,,,,,,,,,,,,,,,
,,,,,,0.811374,130.2707,,,,,,,,,,,,,,,,,,,,
,,,,,,0.814368,135.7052,,,,,,,,,,,,,,,,,,,,
,,,,,,0.817362,130.68286,,,,,,,,,,,,,,,,,,,,
,,,,,,0.820356,132.45956,,,,,,,,,,,,,,,,,,,,
,,,,,,0.82335,116.740265,,,,,,,,,,,,,,,,,,,,
,,,,,,0.826344,138.55351,,,,,,,,,,,,,,,,,,,,
,,,,,,0.829338,136.28421,,,,,,,,,,,,,,,,,,,,
,,,,,,0.832332,132.73712,,,,,,,,,,,,,,,,,,,,
,,,,,,0.835326,134.08572,,,,,,,,,,,,,,,,,,,,
,,,,,,0.83832,137.00645,,,,,,,,,,,,,,,,,,,,
,,,,,,0.841314,141.66006,,,,,,,,,,,,,,,,,,,,
,,,,,,0.844308,127.78198,,,,,,,,,,,,,,,,,,,,
,,,,,,0.847302,132.81676,,,,,,,,,,,,,,,,,,,,
,,,,,,0.850296,137.36317,,,,,,,,,,,,,,,,,,,,
,,,,,,0.85329,110.115715,,,,,,,,,,,,,,,,,,,,
,,,,,,0.856284,133.50076,,,,,,,,,,,,,,,,,,,,
,,,,,,0.859278,118.439835,,,,,,,,,,,,,,,,,,,,
,,,,,,0.862272,103.4561,,,,,,,,,,,,,,,,,,,,
,,,,,,0.865266,132.55545,,,,,,,,,,,,,,,,,,,,
,,,,,,0.86826,136.00032,,,,,,,,,,,,,,,,,,,,
,,,,,,0.871254,127.21448,,,,,,,,,,,,,,,,,,,,
,,,,,,0.874248,128.41895,,,,,,,,,,,,,,,,,,,,
,,,,,,0.877242,127.21634,,,,,,,,,,,,,,,,,,,,
,,,,,,0.880236,134.26193,,,,,,,,,,,,,,,,,,,,
,,,,,,0.88323,139.19685,,,,,,,,,,,,,,,,,,,,
,,,,,,0.886224,136.81718,,,,,,,,,,,,,,,,,,,,
,,,,,,0.889218,134.81693,,,,,,,,,,,,,,,,,,,,
,,,,,,0.892212,128.19347,,,,,,,,,,,,,,,,,,,,
,,,,,,0.895206,130.41348,,,,,,,,,,,,,,,,,,,,
,,,,,,0.8982,135.52908,,,,,,,,,,,,,,,,,,,,
,,,,,,0.901194,127.96355,,,,,,,,,,,,,,,,,,,,
,,,,,,0.904188,116.46417,,,,,,,,,,,,,,,,,,,,
,,,,,,0.907182,130.04245,,,,,,,,,,,,,,,,,,,,
,,,,,,0.910176,130.62991,,,,,,,,,,,,,,,,,,,,
,,,,,,0.91317,129.0472,,,,,,,,,,,,,,,,,,,,
,,,,,,0.916164,129.55211,,,,,,,,,,,,,,,,,,,,
,,,,,,0.919158,111.4724,,,,,,,,,,,,,,,,,,,,
,,,,,,0.922152,129.27618,,,,,,,,,,,,,,,,,,,,
,,,,,,0.925146,136.2802,,,,,,,,,,,,,,,,,,,,
,,,,,,0.92814,128.56967,,,,,,,,,,,,,,,,,,,,
,,,,,,0.931134,134.1589,,,,,,,,,,,,,,,,,,,,
,,,,,,0.934128,135.47957,,,,,,,,,,,,,,,,,,,,
,,,,,,0.937122,133.48076,,,,,,,,,,,,,,,,,,,,
,,,,,,0.940116,136.19907,,,,,,,,,,,,,,,,,,,,
,,,,,,0.94311,128.10812,,,,,,,,,,,,,,,,,,,,
,,,,,,0.946104,135.74706,,,,,,,,,,,,,,,,,,,,
,,,,,,0.949098,130.91585,,,,,,,,,,,,,,,,,,,,
,,,,,,0.952092,135.6021,,,,,,,,,,,,,,,,,,,,
,,,,,,0.955086,133.76286,,,,,,,,,,,,,,,,,,,,
,,,,,,0.95808,134.30638,,,,,,,,,,,,,,,,,,,,
,,,,,,0.961074,134.49971,,,,,,,,,,,,,,,,,,,,
,,,,,,0.964068,131.72736,,,,,,,,,,,,,,,,,,,,
,,,,,,0.967062,133.30931,,,,,,,,,,,,,,,,,,,,
,,,,,,0.970056,135.92183,,,,,,,,,,,,,,,,,,,,
,,,,,,0.97305,117.72859,,,,,,,,,,,,,,,,,,,,
,,,,,,0.976044,119.37057,,,,,,,,,,,,,,,,,,,,
,,,,,,0.979038,132.889,,,,,,,,,,,,,,,,,,,,
,,,,,,0.982032,133.56648,,,,,,,,,,,,,,,,,,,,
,,,,,,0.985026,133.63605,,,,,,,,,,,,,,,,,,,,
,,,,,,0.98802,129.20338,,,,,,,,,,,,,,,,,,,,
,,,,,,0.991014,132.85818,,,,,,,,,,,,,,,,,,,,
,,,,,,0.994008,133.96869,,,,,,,,,,,,,,,,,,,,
,,,,,,1,118.7605,,,,,,,,,,,,,,,,,,,,
