SAC Flow-T,,SAC Flow-G,,FlowRL,,DIME,,QSM,,SAC,,PPO,,MaxEntDP,,TD3,,Crossq,,SMPO,,,,QVPO,
X,Y,X,Y,X,Y,X,Y,X,Y,X,Y,X,Y,X,Y,X,Y,X,Y,X,Y,MIN,MAX,X,Y
0.053358384,293.7994049,0.053354793,329.0935437,0.046237668,276.1942327,0.046255624,99.72353882,0.04839118,111.4756826,0.055501123,234.9632712,0.064780139,40.79104168,0.010133125,-0.213348472,0.010133589,4.16493321,0.001877349,14.34977578,0,-7.935789001,-12.17649161,-1.829504577,0,4.651162791
0.059769243,287.8793411,0.059765053,329.0558363,0.050511175,276.1690944,0.051953633,99.69002112,0.059787199,111.4086472,0.066184291,240.782782,0.082585819,46.56865532,0.01384678,56.68808036,0.020197143,4.120872113,0.007576385,179.3721973,0.1,4155.126785,2000.953867,4790.110999,0.003939593,93.02325581
0.067603407,293.7156107,0.066175313,329.0181289,0.056209184,276.1355767,0.055514889,99.66907256,0.064772956,111.3793192,0.074731305,240.7325054,0.099680445,40.58574576,0.015975163,148.6227197,0.02603779,139.8220952,0.011368204,416.1434978,0.2,5088.401171,4207.96825,5972.763147,0.01116218,172.0930233
0.07329962,311.3291624,0.069734175,352.5266062,0.059058787,270.2364614,0.060500048,105.522101,0.076880029,123.072807,0.089688579,240.6445214,0.117486125,46.36335941,0.018099371,201.1528238,0.027634657,214.2459268,0.01801786,595.5156951,0.3,5458.705093,4907.779731,6095.820576,0.018384767,283.7209302
0.076143836,358.3712552,0.07471694,381.9090605,0.06190839,264.3373461,0.064772956,111.3793192,0.085425247,140.6695999,0.094674337,240.6151935,0.145260926,75.61174293,0.027643933,301.8115604,0.038237148,301.7651803,0.025136855,882.5112108,0.4,5848.917973,5446.882006,6495.779768,0.028233749,423.255814
0.081121813,434.8125612,0.077564149,399.539371,0.064757395,264.3205872,0.067621961,111.3625604,0.091122059,152.4007951,0.108916367,269.9431815,0.16377766,93.14987979,0.039829377,332.4061951,0.051479131,306.0854869,0.033688607,1076.233184,0.5,5943.377717,3938.649026,6702.629159,0.03348654,558.1395349
0.077564748,393.6570146,0.08254452,452.4512512,0.06831865,264.2996387,0.070470367,117.228158,0.098243373,164.1236109,0.118173237,293.4181411,0.185144596,98.90654487,0.046713576,319.241203,0.064729463,389.2148637,0.039386363,1262.780269,0.6,6292.411345,5415.824243,6753.992499,0.042678923,730.2325581
0.082542126,475.980677,0.086102185,487.7244414,0.069030902,264.295449,0.076165384,146.6064226,0.105364688,175.8464267,0.128139965,340.4183368,0.20508284,145.8480846,0.048830827,306.0970819,0.069501047,432.9768095,0.041759503,1356.053812,0.7,6418.437868,5958.057657,7027.497986,0.047275115,865.1162791
0.086095002,558.3127189,0.088237741,499.4765852,0.071878709,276.043403,0.07758809,164.2451126,0.118895664,193.4138915,0.13454424,399.204194,0.234282742,169.2057322,0.060486611,336.6940356,0.079031231,397.9088139,0.049360208,1542.600897,0.8,6392.872325,4852.869058,7008.304277,0.057124097,1093.023256
0.088229362,581.8295757,0.091792413,564.1615577,0.076860277,317.1905703,0.083282508,199.5057336,0.13242664,210.9813564,0.145217234,505.0237646,0.25849569,204.3574208,0.071079826,336.6476555,0.092277852,446.0119373,0.054107768,1707.623318,0.9,6506.118117,5243.865664,7025.440432,0.065659882,1232.55814
0.090358933,652.4052841,0.094638425,593.5565812,0.078995235,334.8250705,0.089689776,228.8798085,0.143109808,216.8008672,0.153758262,563.7970527,0.306926972,221.7195897,0.078505281,432.9373864,0.101280694,432.8376692,0.056955793,1815.246637,1,6694.551674,6495.357111,7036.97483,0.070912672,1395.348837
0.091066994,693.5775896,0.096058139,640.6070534,0.081130791,346.5772143,0.092535788,258.274832,0.163763296,234.3264349,0.162292706,687.2762619,0.280574278,215.9922526,0.090160137,454.7777767,0.111894316,625.4356831,0.060748038,2044.843049,,,,,0.076822062,1581.395349
0.093193573,793.5650803,0.097477853,687.6575257,0.083976205,381.8545942,0.098230804,287.6530966,0.170885807,234.2845377,0.167982935,763.7133782,0.326864617,274.5434859,0.102875705,489.748374,0.11877666,594.7575642,0.06406924,2195.515695,,,,,0.086014445,1786.046512
0.094609097,881.7920478,0.098899961,711.1785721,0.086110564,405.3714509,0.099652912,311.174143,0.181566581,263.6334744,0.176523963,822.4866662,0.348232151,274.4177945,0.110822936,511.6049974,0.129919943,787.3532592,0.069766569,2389.237668,,,,,0.091923835,1958.139535
0.096742259,917.0736174,0.100322069,734.6996186,0.08824612,417.1235947,0.103923426,340.560787,0.190111799,281.2302672,0.182218381,857.7472873,0.368175781,268.4181261,0.121437023,708.581293,0.141550218,577.1447203,0.073566068,2496.860987,,,,,0.096520026,2125.581395
0.098161973,964.1240897,0.10245583,764.0988317,0.091091534,452.4009746,0.108903798,393.4726672,0.201506621,292.9279447,0.19930762,904.7055859,0.377435046,268.3636599,0.128317511,660.3900474,0.149490955,537.7054001,0.078312348,2683.408072,,,,,0.101772817,2293.023256
0.101717842,1017.044349,0.103876143,805.2669475,0.094650395,475.9094519,0.11459642,446.3803577,0.212900245,316.3903352,0.205717282,910.550235,0.39239232,268.2756759,0.138931133,852.9880613,0.161156942,664.6245508,0.08401053,2862.780269,,,,,0.109652003,2427.906977
0.101713054,1064.103201,0.104584204,846.4392531,0.097497006,499.4221189,0.118153486,487.5359043,0.220020961,333.9955074,0.222805324,969.2732465,0.413758058,285.7970539,0.152709734,922.9802741,0.180218701,607.6234047,0.091129951,3142.600897,,,,,0.118844386,2693.023256
0.103843822,1122.914196,0.105295857,852.3174198,0.103193219,517.0356706,0.121708756,546.3385204,0.237111397,369.1890931,0.234907009,1033.907942,0.430852086,285.6965008,0.162758447,782.8311992,0.198777699,804.5649152,0.098729376,3350.672646,,,,,0.125410374,2865.116279
0.105264733,1158.199956,0.106004517,887.6073689,0.108888236,546.4139352,0.125978672,581.6075209,0.254914682,398.4961326,0.239177524,1063.294586,0.467179288,261.9533996,0.170748348,1207.489737,0.209356073,664.4135213,0.104430118,3486.995516,,,,,0.13328956,3083.72093
0.105258149,1222.905877,0.106710782,946.4267438,0.114583252,575.7921998,0.130959043,634.5194011,0.284115184,415.9714238,0.244867153,1145.614059,0.493531383,273.5630932,0.179772988,1400.094708,0.219969231,852.6332535,0.112980591,3702.242152,,,,,0.140512147,3241.860465
0.108810427,1311.120275,0.107421836,958.187267,0.118854964,593.4141309,0.133804457,669.796781,0.298359009,427.6523424,0.249138864,1163.23599,0.51988288,291.0551432,0.191950548,1356.258554,0.246461546,940.0829369,0.118679199,3874.439462,,,,,0.151674327,3451.162791
0.112363902,1387.569961,0.108843945,981.7083134,0.125261034,634.5529188,0.137359128,734.4817535,0.320436999,445.1695307,0.255541942,1233.78656,0.565466952,290.7870016,0.202023842,1448.158408,0.255468098,961.9349222,0.130549167,4269.058296,,,,,0.154957321,3604.651163
0.113070168,1446.389336,0.109550809,1034.645332,0.126684339,646.3092523,0.140914997,787.4020131,0.333969771,445.0899262,0.259096614,1298.471533,0.597516458,308.2455339,0.2094326,1386.829999,0.260239683,1005.696868,0.131023198,4297.757848,,,,,0.170715693,3800
0.114488086,1511.086877,0.110260067,1064.052924,0.130954853,675.6958963,0.14589477,846.1962497,0.348213596,456.7708449,0.26407519,1369.030483,0.655211793,278.4943849,0.222735805,1969.083487,0.270838928,1062.56815,0.140527706,4469.955157,,,,,0.183847669,3934.883721
0.117331704,1564.011327,0.111678584,1122.86811,0.137359128,734.4817535,0.153010698,910.8602737,0.359606622,486.1155918,0.266208951,1398.429696,0.695094864,307.6715433,0.241290165,2122.242181,0.280909903,1132.576596,0.154788734,4656.502242,,,,,0.20551543,4032.55814
0.118038568,1616.948345,0.11167619,1146.397535,0.138782434,746.238087,0.158703918,957.8856077,0.366015087,503.7249537,0.269763024,1468.997025,0.728571865,295.7099139,0.260359808,2139.671824,0.289908571,1079.997792,0.163340914,4843.049327,,,,,0.215364412,4102.325581
0.120169935,1669.876984,0.112387244,1158.158059,0.140203345,781.5238463,0.166531499,1028.427798,0.375984807,521.3133672,0.276875959,1563.072831,0.754925157,295.5548945,0.2725536,2249.075529,0.304747885,1163.120212,0.172369258,5022.421525,,,,,0.223900197,4088.372093
0.12015976,1769.877044,0.113098897,1164.036225,0.14447326,816.7928468,0.173646828,1098.974179,0.401622257,556.4566763,0.278295673,1610.123303,0.774156536,289.5594158,0.281546702,2143.957345,0.309521789,1228.773566,0.181402295,5122.869955,,,,,0.227183191,4125.581395
0.122999786,1858.095632,0.11381055,1169.914392,0.148030326,857.9483935,0.183608767,1193.033226,0.41016927,556.4063997,0.284694561,1721.850369,0.794811819,289.4379141,0.290533775,1981.9215,0.320107583,1158.674679,0.194718248,5201.793722,,,,,0.231122784,4162.790698
0.125131153,1911.024271,0.114521604,1181.674915,0.150165284,875.5828938,0.184319821,1204.793749,0.437947065,556.2430009,0.291815277,1739.455541,0.821877362,289.2787051,0.302247997,2564.181945,0.343406164,1097.2767,0.204699347,5359.641256,,,,,0.236375575,4190.697674
0.12583682,1975.726002,0.116654766,1216.956485,0.154435798,904.9695378,0.191433953,1287.104843,0.469992979,608.995672,0.299654229,1698.232959,0.840395892,289.1697725,0.310743904,2765.545799,0.350316335,1329.295482,0.216112777,5431.390135,,,,,0.24425476,4153.488372
0.126544283,2022.780664,0.118076874,1240.477531,0.158706911,928.4738254,0.198549282,1357.651223,0.487081021,667.7186835,0.308203038,1680.535613,0.867461435,289.0105635,0.322390876,2712.9554,0.364081486,1272.317526,0.22658028,5409.865471,,,,,0.248194353,4200
0.12867565,2075.709303,0.118787928,1252.238055,0.160840672,957.8730385,0.206376264,1434.07577,0.51485283,726.3788494,0.313902244,1668.737382,0.881707655,277.1620563,0.331932654,2787.344447,0.370467099,1552.499725,0.243235782,5330.941704,,,,,0.258043336,4260.465116
0.131517472,2146.280822,0.119495391,1299.292717,0.164397738,999.0285852,0.212070083,1475.218748,0.524112095,726.3243831,0.321021763,1698.107267,0.899510941,306.4690958,0.341982295,2655.951935,0.380535755,1600.616763,0.250853127,5237.668161,,,,,0.267892318,4293.023256
0.133646445,2222.738887,0.1194918,1334.586855,0.166532696,1016.663085,0.217051053,1522.248272,0.536932017,732.1313247,0.328135895,1780.418361,0.930138937,294.5242252,0.351013892,2914.231132,0.390090056,1793.219415,0.267031185,5187.443946,,,,,0.279054498,4320.930233
0.135063166,2299.201142,0.120201657,1358.112092,0.169378708,1046.058109,0.220608119,1563.403818,0.541917775,732.1019968,0.334538374,1856.851287,0.952217525,306.1590571,0.36638565,3023.620922,0.398551642,1670.590423,0.279398224,5223.318386,,,,,0.282994091,4302.325581
0.135771826,2334.491091,0.121621969,1399.280207,0.17079902,1087.226225,0.224876837,1610.437532,0.551175843,743.8122434,0.338091849,1933.300973,0.971449503,294.2812219,0.373812959,3137.42378,0.414448422,1736.195078,0.287472533,5445.73991,,,,,0.293499672,4311.627907
0.13790439,2375.655017,0.123753336,1452.208846,0.173642638,1140.150674,0.228432706,1663.357791,0.561144965,767.2830133,0.341642331,2039.162441,0.994240342,305.911864,0.387053551,3128.609242,0.424513368,1749.285862,0.297455338,5574.887892,,,,,0.304005253,4339.534884
0.140749204,2416.814753,0.124463193,1475.734083,0.174353093,1157.793554,0.233414275,1704.504959,0.564705023,779.0267777,0.34946632,2144.99877,,,0.396075872,3299.322804,0.429797917,1635.427349,0.310291288,5725.560538,,,,,0.309914642,4293.023256
0.145730773,2457.96192,0.12517305,1499.259319,0.177908364,1216.59617,0.24266516,1786.803483,0.573961894,802.5017372,0.346611929,2197.956737,,,0.410385062,3378.069261,0.439902286,2020.672076,0.31599587,5797.309417,,,,,0.317793828,4358.139535
0.146441228,2475.6048,0.125882907,1522.784555,0.180041526,1251.877739,0.247648524,1810.303581,0.583219363,820.0943404,0.353727258,2268.503117,,,0.424678018,3303.57586,0.448917187,2121.333131,0.333588767,5955.156951,,,,,0.325016415,4413.953488
0.149997696,2522.642703,0.126592166,1552.192147,0.182886341,1293.037476,0.256903,1857.307966,0.588915577,837.707892,0.356564891,2380.251131,,,0.434210056,3286.020991,0.460036353,2086.258179,0.347382591,5998.206278,,,,,0.3335522,4432.55814
0.152130259,2563.806629,0.128724729,1593.356073,0.184307252,1328.323235,0.264022519,1886.677851,0.59603749,843.5483514,0.362253922,2468.452961,,,0.454365921,3557.386333,0.477004977,2270.071801,0.364030413,6048.430493,,,,,0.348653972,4479.069767
0.152840116,2587.331865,0.128722335,1616.885499,0.187152067,1369.482972,0.266867932,1921.955231,0.598886494,843.5315925,0.367945946,2527.243008,,,0.469746491,3749.963476,0.492875321,2086.1144,0.390669147,6091.479821,,,,,0.358502955,4534.883721
0.154260429,2628.499981,0.130143845,1646.288902,0.188572978,1404.768731,0.273272806,1974.858732,0.607432311,855.2460289,0.373639166,2574.268342,,,0.481945849,3911.906561,0.501362416,2204.290902,0.404937855,6148.878924,,,,,0.366382141,4544.186047
0.156393591,2663.781551,0.130852505,1681.578851,0.190705542,1445.932657,0.279677081,2033.644589,0.619535193,908.1160119,0.37648458,2609.545721,,,0.488824946,3850.58047,0.518309705,2186.703567,0.417305748,6170.403587,,,,,0.372948129,4562.790698
0.157103448,2687.306787,0.130847717,1728.637703,0.194260213,1510.617629,0.285369105,2092.434636,0.633062578,960.9776156,0.389305699,2603.58795,,,0.51003735,4095.671484,0.532631417,2383.663629,0.424916693,6184.753363,,,,,0.38345371,4609.302326
0.159947665,2734.34888,0.130845322,1752.167129,0.195681125,1545.903389,0.289637823,2139.468349,0.63947224,966.8222646,0.395005503,2585.907363,,,0.536505547,3955.45052,0.539499382,2217.258778,0.433479966,6184.753363,,,,,0.403151674,4553.488372
0.162794275,2757.861547,0.131552187,1805.104147,0.199234599,1622.353074,0.296042098,2198.254207,0.6458825,966.7845572,0.403549524,2615.268869,,,0.550298989,4165.547747,0.551709408,2479.902342,0.455364739,6170.403587,,,,,0.414313854,4609.302326
0.165636097,2828.433065,0.132263839,1810.982314,0.202789271,1687.038047,0.302443979,2280.56949,0.652293957,954.9821369,0.409954398,2668.17237,,,0.560886175,4108.583705,0.561775746,2506.127971,0.46440375,6170.403587,,,,,0.41694025,4590.697674
0.167768062,2875.479348,0.132974295,1828.625194,0.207054997,1763.483543,0.305289392,2315.84687,0.655855213,954.9611883,0.412796819,2732.861532,,,0.574672197,4248.628424,0.573423181,2457.915854,0.488188486,6206.278027,,,,,0.417596848,4567.44186
0.169899429,2928.407987,0.134397002,1846.263884,0.211323117,1816.399612,0.315961787,2427.548797,0.662977126,960.8016476,0.382180195,2633.04163,,,0.583663908,4130.375396,0.586660526,2418.453344,0.501031689,6234.977578,,,,,0.426789232,4590.697674
0.171323333,2934.281964,0.137238225,1922.717759,0.213455082,1863.445895,0.320940962,2492.22539,0.667250034,966.6588658,0.419202291,2779.882676,,,0.612815193,4318.513963,0.596723153,2409.65272,0.506263093,6263.67713,,,,,0.430072226,4600
0.174167549,2981.324057,0.137949878,1928.595926,0.215591237,1869.315682,0.32592253,2533.372557,0.671522943,972.516084,0.426315226,2873.958482,,,0.625523805,4287.810335,0.599375631,2449.04566,0.5172042,6278.026906,,,,,0.435981615,4581.395349
0.177012364,3022.483793,0.138659136,1958.003518,0.217724998,1898.714895,0.330896916,2645.108002,0.682204914,990.1003077,0.429158843,2926.882932,,,0.646716266,4344.635237,0.612080533,2383.315778,0.535756252,6306.726457,,,,,0.443204202,4604.651163
0.179859573,3040.114104,0.13937019,1969.764041,0.219860554,1910.467039,0.334453383,2692.145905,0.704986177,1095.848653,0.434846079,3032.73183,,,0.667898058,4300.75966,0.639127553,2707.190354,0.547173523,6313.901345,,,,,0.453709783,4576.744186
0.181281681,3063.63515,0.14007885,2005.05399,0.223420014,1928.09316,0.345839226,2792.078929,0.708545637,1113.474774,0.439111805,3109.177326,,,0.689084953,4305.045181,0.650235124,2562.658359,0.574287141,6371.300448,,,,,0.464215364,4623.255814
0.182701395,3110.685623,0.142207823,2081.512055,0.229826684,1963.349591,0.34868464,2827.356309,0.716375013,1166.369895,0.446222944,3220.900202,,,0.702874221,4475.737873,0.660842717,2698.338711,0.590459225,6421.524664,,,,,0.470781353,4613.953488
0.184832762,3163.614262,0.142918278,2099.154935,0.232673294,1986.862258,0.352953358,2874.390023,0.724205586,1207.500304,0.450489867,3285.580984,,,0.726173266,4418.718175,0.671462369,2947.854387,0.6109138,6457.399103,,,,,0.48325673,4581.395349
0.188385039,3251.82866,0.145050244,2146.201218,0.239078167,2039.765759,0.358645981,2927.297713,0.734172313,1254.500499,0.454758586,3332.614698,,,0.751590953,4361.6892,0.683633436,2842.722289,0.626137396,6457.399103,,,,,0.496388707,4702.325581
0.189096692,3257.706827,0.145756509,2205.020592,0.241922982,2080.925496,0.362204244,2956.688547,0.751262749,1289.694085,0.461170043,3320.812278,,,0.769608232,4444.797706,0.697937059,2868.929366,0.648018756,6500.44843,,,,,0.500984898,4702.325581
0.194075866,3322.38342,0.147173829,2275.600491,0.248327257,2139.711353,0.367188206,2974.306288,0.743426191,1307.387241,0.470432301,3291.346029,,,0.782860882,4549.818491,0.710135026,3017.737606,0.670853298,6514.798206,,,,,0.528562049,4679.069767
0.198343986,3375.29949,0.148594142,2316.768606,0.251174466,2157.341663,0.370036612,2980.171886,0.76051962,1313.169045,0.478980511,3279.531039,,,0.792390602,4510.372214,0.712768025,2873.242716,0.690358958,6507.623318,,,,,0.536441234,4720.930233
0.198338599,3428.240698,0.153567331,2440.268764,0.254729737,2216.144279,0.375734621,2980.138368,0.769772301,1377.8205,0.48610003,3308.900925,,,0.80035221,4667.95557,0.717525232,2781.27793,0.713670517,6500.44843,,,,,0.541037426,4706.976744
0.201895067,3475.278601,0.154987045,2487.319236,0.256150648,2251.430039,0.38285833,2968.331758,0.776893017,1395.425672,0.488952626,3273.590027,,,0.809350414,4610.998485,0.723868639,2663.036496,0.734600402,6543.497758,,,,,0.552856205,4744.186047
0.204739882,3516.438337,0.157120207,2522.600806,0.261839679,2339.631868,0.388559331,2938.886458,0.786150486,1413.018275,0.498926536,3250.001945,,,0.821536786,4650.349683,0.736572612,2588.550051,0.756483042,6565.022422,,,,,0.558765594,4739.534884
0.206163187,3528.194671,0.162095191,2628.453894,0.266107799,2392.547938,0.394259735,2915.323515,0.790419803,1454.169632,0.503903914,3332.325608,,,0.83158921,4545.226861,0.740808971,2579.774936,0.775986568,6593.721973,,,,,0.58305975,4762.790698
0.211856408,3575.220005,0.164224763,2699.029603,0.268952015,2439.590031,0.400670593,2909.403451,0.798250376,1495.30004,0.508170239,3402.888747,,,0.852263604,4711.511124,0.749328532,3004.431155,0.805955464,6636.7713,,,,,0.601444517,4730.232558
0.21256806,3581.098172,0.165645674,2734.315362,0.271082783,2498.401026,0.40565695,2903.491766,0.811067904,1524.636408,0.513149413,3467.56534,,,0.872387003,4676.396748,0.760988026,3070.054362,0.831166559,6686.995516,,,,,0.6112935,4804.651163
0.217549629,3622.245339,0.170625446,2793.109599,0.273925204,2563.090188,0.41206721,2903.454059,0.816056056,1501.077654,0.51741873,3508.716697,,,0.890401962,4737.613846,0.772086785,2842.335016,0.842108519,6686.995516,,,,,0.619172685,4809.302326
0.218260683,3634.005862,0.174181914,2840.147502,0.281042927,2610.107143,0.416340118,2909.311277,0.828164325,1501.006429,0.52383318,3467.502494,,,0.899395528,4636.873944,0.78164526,3074.342203,0.856857659,6665.470852,,,,,0.628365069,4804.651163
0.222529401,3681.039575,0.176315674,2869.546715,0.287448998,2651.245931,0.416338323,2926.958346,0.835999088,1500.960342,0.526685776,3432.191597,,,0.912644932,4711.246757,0.792233837,3030.513006,0.870178732,6658.295964,,,,,0.659881812,4860.465116
0.225375413,3710.434599,0.177736586,2904.832474,0.29029501,2680.640954,0.423455447,2979.857658,0.840982452,1524.46044,0.530964071,3385.107607,,,0.921648238,4702.450771,0.804953117,3100.509856,0.884451707,6643.946188,,,,,0.665791202,4846.511628
0.227507378,3757.480881,0.182004706,2957.748544,0.293851477,2727.678857,0.430571375,3044.521681,0.852374879,1559.687543,0.540224533,3373.288428,,,0.932776679,4754.941452,0.822424965,3034.759104,0.915849949,6651.121076,,,,,0.68351937,4860.465116
0.231777893,3786.867525,0.186982683,3034.18985,0.295985238,2757.078071,0.437682514,3156.244557,0.85878454,1565.532192,0.548058697,3379.124697,,,0.940713242,4676.097597,0.830369413,3030.346037,0.938209179,6658.295964,,,,,0.684832567,4860.465116
0.234625102,3804.497836,0.189114648,3081.236133,0.297406747,2786.481473,0.443372144,3238.56403,0.864483148,1559.616318,0.557319159,3367.305518,,,0.951305067,4662.916372,0.839912583,3117.869929,0.956760378,6701.345291,,,,,0.712409718,4855.813953
0.238898608,3804.472698,0.191955872,3157.690008,0.303105355,2780.565599,0.451196732,3338.518003,0.872313721,1600.746726,0.56300819,3455.507347,,,0.960321822,4781.090554,0.849979848,3152.852121,0.968652533,6722.869955,,,,,0.736047275,4809.302326
0.243883169,3816.208083,0.194089034,3192.971578,0.308092909,2762.889202,0.459731176,3461.997212,0.878723981,1600.709019,0.568699615,3520.179751,,,0.971969257,4732.878437,0.862669444,2942.638944,0.972933742,6730.044843,,,,,0.761654629,4888.372093
0.247440834,3851.481273,0.199776269,3298.820476,0.309519207,2745.233753,0.466843512,3561.955375,0.885136037,1583.024242,0.574386252,3631.911006,,,0.983094453,4754.721147,0.880166801,3117.693684,0.984349733,6758.744395,,,,,0.781352594,4911.627907
0.251000294,3869.107394,0.201910629,3322.337333,0.313084652,2704.036309,0.476802459,3685.426204,0.889410142,1577.116748,0.578649584,3731.885927,,,0.991044002,4798.469178,0.892339259,3025.696432,0.99291258,6765.919283,,,,,0.796454366,4916.27907
0.253846306,3898.502417,0.20333154,3357.623092,0.313796903,2704.03212,0.490325056,3785.34666,0.893683649,1577.091609,0.583624568,3837.739016,,,1.000582534,4842.210253,0.899768424,3157.012416,0.996718479,6765.919283,,,,,0.818778726,4958.139535
0.258827276,3945.531941,0.205463505,3404.669375,0.317354568,2739.30531,0.50599099,3820.548625,0.897955959,1588.831184,0.590024653,3937.701368,,,,,0.913540532,3165.708686,,,,,,,0.835193697,5000
0.263808245,3992.561465,0.208306524,3463.476181,0.318776676,2762.826356,0.516677749,3791.073997,0.902227072,1612.335471,0.596431323,3972.957799,,,,,0.919351959,3025.578163,,,,,,,0.856204859,5032.55814
0.267367107,4016.069942,0.209724443,3528.173722,0.324466904,2839.263472,0.530212915,3767.464967,0.906499381,1624.075046,0.608537796,3990.533644,,,,,0.931545751,3134.981868,,,,,,,0.87196323,5041.860465
0.270924771,4051.343132,0.215417065,3581.081413,0.327314711,2851.011427,0.541611328,3743.868505,0.915046395,1624.02477,0.622067575,4019.865821,,,,,0.94162322,3266.286257,,,,,,,0.891661195,5041.860465
0.274483633,4074.851609,0.218974729,3616.354603,0.336570385,2886.251099,0.548025179,3708.536659,0.918607651,1624.003821,0.632037894,4031.571878,,,,,0.949553754,3130.52474,,,,,,,0.910045962,5046.511628
0.277329046,4110.128989,0.223244645,3651.623603,0.343695889,2856.79742,0.565116214,3737.847888,0.922880559,1629.861039,0.6377371,4019.773648,,,,,0.961219741,3257.443891,,,,,,,0.919894944,5051.162791
0.280886711,4145.402179,0.228222622,3728.064909,0.34653831,2921.486582,0.572949181,3755.448871,0.927862127,1671.008206,0.647705025,4055.009131,,,,,0.965457027,3257.425338,,,,,,,0.932370322,5037.209302
0.28302107,4168.919036,0.230356383,3757.464123,0.351516287,2997.927888,0.582205453,3784.806187,0.930709336,1688.638517,0.654117081,4037.324354,,,,,0.970738329,3112.918853,,,,,,,0.936966513,5074.418605
0.284443178,4192.440083,0.231778491,3780.985169,0.35578321,3062.608671,0.590036624,3820.054239,0.93213324,1694.512494,0.664809227,3954.908518,,,,,0.98503546,3077.829986,,,,,,,0.952724885,5032.55814
0.28657634,4227.721652,0.235336754,3810.376003,0.362188682,3109.629815,0.595019389,3849.436693,0.939251562,1735.647092,0.669797978,3925.467407,,,,,0.989283414,3178.511913,,,,,,,0.96126067,5074.418605
0.287287395,4239.482175,0.238895017,3839.766837,0.367172046,3133.129913,0.60213831,3884.688935,0.947798575,1735.596816,0.680478154,3960.6987,,,,,0.993009591,3353.626947,,,,,,,0.980958634,5083.72093
0.28941936,4286.528458,0.246015733,3857.372009,0.372867661,3156.625821,0.609970678,3908.172274,0.953495387,1747.328011,0.68830753,4013.593822,,,,,1.000963779,3441.157796,,,,,,,0.994090611,5102.325581
0.290839672,4327.696574,0.249576989,3857.35106,0.37927433,3191.882252,0.619228147,3925.764877,0.959190404,1776.706275,0.692578044,4042.980466,,,,,,,,,,,,,1,5116.27907
0.293686283,4351.209241,0.252425395,3863.216658,0.383544844,3221.268896,0.628486813,3931.592767,0.963462115,1794.328207,0.694710608,4084.144392,,,,,,,,,,,,,,
0.297956797,4380.595885,0.258118616,3910.241992,0.389238065,3268.29423,0.638460724,3908.004685,0.96915773,1817.824115,0.703963887,4142.91349,,,,,,,,,,,,,,
0.302943153,4374.6842,0.26167628,3945.515182,0.392082281,3315.336323,0.64344708,3902.093001,0.974141094,1841.324213,0.709660699,4154.644685,,,,,,,,,,,,,,
0.30792951,4368.772516,0.265944999,3992.548895,0.396352197,3350.605324,0.652705746,3907.920891,0.979839702,1835.408338,0.718922358,4131.060793,,,,,,,,,,,,,,
0.313627519,4368.738998,0.269499671,4057.233868,0.402046615,3385.865945,0.664096976,3954.912707,0.988389109,1811.828636,0.728181024,4136.888684,,,,,,,,,,,,,,
0.317187578,4380.482763,0.272346281,4080.746535,0.408454481,3409.357663,0.679762312,3995.997029,0.99479937,1811.790929,0.73102943,4142.754281,,,,,,,,,,,,,,
0.320034787,4398.113073,0.279465201,4115.998777,0.41486115,3444.614095,0.682610718,4001.862627,0.997648374,1811.77417,0.738876163,4025.061065,,,,,,,,,,,,,,
0.322881996,4415.743384,0.288722072,4139.473736,0.41913346,3456.353669,0.697559612,4084.127633,,,0.742442207,3977.981265,,,,,,,,,,,,,,
0.327153108,4439.247671,0.29726729,4157.070529,0.421981866,3462.219267,0.715360504,4136.964098,,,0.746725291,3883.838423,,,,,,,,,,,,,,
0.330713167,4450.991436,0.307948663,4180.537109,0.426251183,3503.370624,0.722483015,4136.922201,,,0.751002389,3848.519146,,,,,,,,,,,,,,
0.334274423,4450.970487,0.313644278,4204.033017,0.429810643,3520.996745,0.732451538,4166.275328,,,0.761679572,3913.162221,,,,,,,,,,,,,,
0.337124624,4439.189015,0.320052742,4221.642379,0.441908737,3620.925579,0.740286301,4166.229241,,,0.757407262,3901.422647,,,,,,,,,,,,,,
0.338549725,4433.298279,0.323612801,4233.386144,0.44333324,3620.9172,0.743848155,4160.325936,,,0.768806872,3866.061473,,,,,,,,,,,,,,
0.340681092,4486.226918,0.327883914,4256.890431,0.436214319,3585.664958,0.753815481,4201.443775,,,0.774510267,3813.086747,,,,,,,,,,,,,,
0.345660864,4545.021155,0.332866679,4286.272886,0.447606746,3620.892062,0.760220953,4248.464919,,,0.775940157,3760.137159,,,,,,,,,,,,,,
0.348507475,4568.533822,0.334999841,4321.554455,0.454728061,3632.614877,0.766627024,4289.603707,,,0.783056084,3824.801183,,,,,,,,,,,,,,
0.352063942,4615.571725,0.341409503,4327.399104,0.461133533,3679.636022,0.772321442,4324.864328,,,0.785184458,3907.141605,,,,,,,,,,,,,,
0.355619811,4668.491985,0.34568301,4327.373966,0.464692993,3697.262143,0.776593153,4342.486259,,,0.79300725,4024.742647,,,,,,,,,,,,,,
0.361314229,4703.752606,0.347107512,4327.365587,0.467541399,3703.12774,0.787282906,4283.599849,,,0.797272976,4101.188143,,,,,,,,,,,,,,
0.367009245,4733.13087,0.352805521,4327.332069,0.469677554,3708.997527,0.793698553,4230.620933,,,0.805099958,4177.61269,,,,,,,,,,,,,,
0.371992609,4756.630968,0.354230622,4321.441333,0.47608542,3732.489246,0.801539899,4165.868925,,,0.80652446,4177.60431,,,,,,,,,,,,,,
0.376267313,4744.841117,0.361351338,4339.046505,0.48106639,3779.51877,0.80795794,4089.360584,,,0.804396086,4095.263889,,,,,,,,,,,,,,
0.376267912,4738.958761,0.363485099,4368.445718,0.484627047,3785.380178,0.814375981,4012.852243,,,0.816486998,4265.781001,,,,,,,,,,,,,,
0.384102674,4738.912674,0.369892366,4397.819793,0.488900554,3785.355039,0.818655473,3954.00354,,,0.82360113,4348.092095,,,,,,,,,,,,,,
0.388377378,4727.122823,0.372026127,4427.219006,0.49317406,3785.329901,0.822218525,3936.335522,,,0.810793777,4218.755667,,,,,,,,,,,,,,
0.394788237,4721.202759,0.375587383,4427.198058,0.496021868,3797.077855,0.826491433,3942.19274,,,0.827880622,4289.243392,,,,,,,,,,,,,,
0.39835069,4709.417097,0.37914804,4433.059466,0.501715687,3838.220833,0.832184055,3995.10043,,,0.832159516,4236.277045,,,,,,,,,,,,,,
0.40546961,4744.669339,0.386977416,4485.954587,0.504562896,3855.851143,0.835742318,4024.491264,,,0.838580549,4130.356922,,,,,,,,,,,,,,
0.40902907,4762.29546,0.390535679,4515.345421,0.5059868,3861.72512,0.840724485,4059.756075,,,0.844996196,4077.378006,,,,,,,,,,,,,,
0.414725284,4779.909011,0.394095139,4532.971542,0.509547457,3867.586528,0.846417107,4112.663765,,,0.853546801,4042.033591,,,,,,,,,,,,,,
0.418285342,4791.652776,0.396230695,4544.723685,0.512396462,3867.569769,0.851398077,4159.693289,,,0.854259052,4042.029401,,,,,,,,,,,,,,
0.421843605,4821.04361,0.401214059,4568.223783,0.51738222,3867.540441,0.859225059,4236.117836,,,0.85497669,3989.084003,,,,,,,,,,,,,,
0.423265115,4850.447012,0.404061866,4579.971737,0.522367978,3867.511113,0.867763693,4318.42055,,,0.863518317,4041.974935,,,,,,,,,,,,,,
0.426822779,4885.720203,0.409761073,4568.173507,0.527353137,3873.364142,0.872031215,4377.218977,,,0.868488513,4194.886875,,,,,,,,,,,,,,
0.431803749,4932.749726,0.41545968,4562.257633,0.538744367,3920.355958,0.875585886,4441.903949,,,0.872753641,4277.214727,,,,,,,,,,,,,,
0.43465036,4956.262393,0.423293844,4568.093902,0.540167074,3937.994648,0.886265464,4483.017599,,,0.876304123,4383.076195,,,,,,,,,,,,,,
0.437499364,4956.245634,0.427565556,4585.715833,0.533759208,3914.50293,0.901927208,4559.396059,,,0.880572243,4435.992265,,,,,,,,,,,,,,
0.443197373,4956.212117,0.436110175,4609.194983,0.538740776,3955.650097,0.894093642,4547.677433,,,0.892670936,4530.038743,,,,,,,,,,,,,,
0.446760424,4938.544099,0.439670234,4620.938747,0.543722943,3990.914908,0.907622823,4582.891967,,,0.899075809,4582.942244,,,,,,,,,,,,,,
0.448897776,4932.649173,0.441806987,4620.926178,0.54657075,4002.662862,0.924002804,4600.442673,,,0.908338665,4547.593639,,,,,,,,,,,,,,
0.45103453,4932.636604,0.446078698,4638.548109,0.548705109,4026.179718,0.934688366,4582.732758,,,0.914756706,4471.085297,,,,,,,,,,,,,,
0.454592194,4967.909794,0.450349811,4662.052397,0.552978018,4032.036937,0.94394823,4576.795935,,,0.918322152,4429.887853,,,,,,,,,,,,,,
0.455303248,4979.670318,0.458892635,4703.178615,0.560812182,4037.873206,0.953208093,4570.859113,,,0.922598053,4406.333289,,,,,,,,,,,,,,
0.458151654,4985.535915,0.455333175,4685.552494,0.568646944,4037.827119,0.961753909,4582.573549,,,0.928291872,4447.476267,,,,,,,,,,,,,,
0.463136814,4991.388944,0.462451497,4726.687093,0.571495949,4037.81036,0.973859785,4606.03175,,,0.934696746,4500.379768,,,,,,,,,,,,,,
0.468123769,4979.594903,0.470285661,4732.523362,0.575767062,4061.314648,0.9824062,4611.86383,,,0.93896726,4529.766412,,,,,,,,,,,,,,
0.470260522,4979.582334,0.477405179,4761.893247,0.583597634,4102.445056,0.988818854,4588.296696,,,0.946084983,4576.783366,,,,,,,,,,,,,,
0.473109527,4979.565575,0.482387945,4791.275702,0.587869944,4114.184631,0.993092361,4588.271558,,,0.95177581,4647.338126,,,,,,,,,,,,,,
0.475957334,4991.313529,0.488084158,4808.889253,0.592855104,4120.03766,0.994516863,4588.263179,,,0.95675259,4735.544145,,,,,,,,,,,,,,
0.480228447,5014.817816,0.493069318,4814.742282,0.598555507,4096.474716,0.709669079,4072.291695,,,0.958883358,4794.35514,,,,,,,,,,,,,,
0.483787309,5038.326294,0.495206071,4814.729713,0.60211796,4084.689054,,,,,0.964572389,4882.55697,,,,,,,,,,,,,,
0.488058421,5061.830581,0.501613937,4838.221431,0.605679215,4084.668106,,,,,0.968836918,4970.767178,,,,,,,,,,,,,,
0.491616684,5091.221415,0.510153768,4908.759432,0.611380217,4055.222806,,,,,0.980942793,4994.225379,,,,,,,,,,,,,,
0.49517794,5091.200466,0.511577672,4914.633409,0.617080022,4037.542219,,,,,0.989491004,4982.41039,,,,,,,,,,,,,,
0.500165494,5073.524069,0.516561635,4932.251151,0.623492078,4019.857442,,,,,0.994476163,4988.263418,,,,,,,,,,,,,,
0.505155441,5032.318246,0.518697789,4938.120938,0.626341681,4013.958327,,,,,,,,,,,,,,,,,,,,
0.509431941,5002.881325,0.522971296,4938.0958,0.633467185,3984.504647,,,,,,,,,,,,,,,,,,,,
0.510856443,5002.872946,0.525109247,4926.318518,0.635603938,3984.492078,,,,,,,,,,,,,,,,,,,,
0.516553255,5014.604141,0.527246,4926.305948,0.641301947,3984.45856,,,,,,,,,,,,,,,,,,,,
0.518688811,5026.356285,0.534369709,4914.499338,0.646999956,3984.425043,,,,,,,,,,,,,,,,,,,,
0.525096079,5055.73036,0.545052877,4920.318849,0.653410217,3984.387335,,,,,,,,,,,,,,,,,,,,
0.527231037,5073.36486,0.552173593,4937.924021,0.65554697,3984.374766,,,,,,,,,,,,,,,,,,,,
0.5336401,5085.091865,0.557871004,4943.77286,0.664803242,4013.732082,,,,,,,,,,,,,,,,,,,,
0.539337511,5090.940704,0.568552376,4967.23944,0.671216495,3984.282593,,,,,,,,,,,,,,,,,,,,
0.543611018,5090.915566,0.576385343,4984.840423,0.674067894,3960.736408,,,,,,,,,,,,,,,,,,,,
0.545034323,5102.671899,0.595612533,5020.021439,0.680472767,4013.639909,,,,,,,,,,,,,,,,,,,,
0.545745975,5108.550066,0.587067315,5002.424647,0.681894875,4037.160955,,,,,,,,,,,,,,,,,,,,
0.547881532,5120.30221,0.598463333,5002.357611,0.684033424,4019.501316,,,,,,,,,,,,,,,,,,,,
0.554996861,5190.84859,0.607012142,4984.660265,0.694711206,4078.262035,,,,,,,,,,,,,,,,,,,,
0.55784407,5208.478901,0.612712546,4961.097322,0.699691577,4131.173916,,,,,,,,,,,,,,,,,,,,
0.559267375,5220.235234,0.616275597,4943.429304,0.703251037,4148.800036,,,,,,,,,,,,,,,,,,,,
0.567099145,5249.60093,0.621974205,4937.51343,0.710368761,4195.816991,,,,,,,,,,,,,,,,,,,,
0.569947551,5255.466527,0.629096716,4937.471532,0.715353321,4207.552376,,,,,,,,,,,,,,,,,,,,
0.57635422,5290.722959,0.636931478,4937.425446,0.718914577,4207.531427,,,,,,,,,,,,,,,,,,,,
0.57635422,5290.722959,0.642629488,4937.391928,0.724611389,4219.262623,,,,,,,,,,,,,,,,,,,,
0.578489178,5308.357459,0.644766241,4937.379359,0.731018657,4248.636697,,,,,,,,,,,,,,,,,,,,
0.583471943,5337.739913,0.648325701,4955.00548,0.7331596,4207.447633,,,,,,,,,,,,,,,,,,,,
0.587741859,5373.008914,0.65188576,4966.749244,0.733871851,4207.443443,,,,,,,,,,,,,,,,,,,,
0.589878014,5378.878701,0.657582572,4978.480439,0.738145358,4207.418305,,,,,,,,,,,,,,,,,,,,
0.596998131,5402.36623,0.660431576,4978.46368,0.740993165,4219.166259,,,,,,,,,,,,,,,,,,,,
0.551439795,5149.693044,0.668268134,4960.770524,0.745266074,4225.023477,,,,,,,,,,,,,,,,,,,,
0.600556992,5425.874707,0.675392441,4943.081558,0.750257218,4172.052941,,,,,,,,,,,,,,,,,,,,
0.603404201,5443.505018,0.683227204,4943.035471,0.751682319,4166.162205,,,,,,,,,,,,,,,,,,,,
0.604824514,5484.673134,0.691059572,4966.51881,0.756668676,4160.250521,,,,,,,,,,,,,,,,,,,,
0.607671124,5508.185801,0.703164849,4995.859367,0.758805429,4160.237952,,,,,,,,,,,,,,,,,,,,
0.611231183,5519.929565,0.708150008,5001.712395,0.768064694,4160.183485,,,,,,,,,,,,,,,,,,,,
0.616216342,5525.782593,0.718834973,4989.884837,0.774474954,4160.145778,,,,,,,,,,,,,,,,,,,,
0.6212021,5525.753265,0.730231589,4983.935445,0.776611109,4166.015565,,,,,,,,,,,,,,,,,,,,
0.624763356,5525.732317,0.733793444,4978.03214,0.785869177,4177.725812,,,,,,,,,,,,,,,,,,,,
0.626900708,5519.837391,0.742341654,4966.21715,0.792275846,4212.982243,,,,,,,,,,,,,,,,,,,,
0.630461964,5519.816443,0.743766157,4966.208771,0.800111805,4201.171444,,,,,,,,,,,,,,,,,,,,
0.631886466,5519.808063,0.747328011,4960.305466,0.802250953,4177.629449,,,,,,,,,,,,,,,,,,,,
0.636158776,5531.547638,0.753028414,4936.742522,0.806526854,4154.074885,,,,,,,,,,,,,,,,,,,,
0.639005386,5555.060305,0.754452916,4936.734143,0.811516802,4112.869061,,,,,,,,,,,,,,,,,,,,
0.640428691,5566.816638,0.759438674,4936.704815,0.815079254,4101.0834,,,,,,,,,,,,,,,,,,,,
0.644701001,5578.556213,0.767983294,4960.183964,0.824337322,4112.793646,,,,,,,,,,,,,,,,,,,,
0.651110663,5584.400862,0.780799625,5001.285045,0.83074459,4142.167721,,,,,,,,,,,,,,,,,,,,
0.653959667,5584.384103,0.787207491,5024.776763,0.837151857,4171.541796,,,,,,,,,,,,,,,,,,,,
0.658948418,5554.942993,0.772254407,4983.688252,0.845694681,4212.668015,,,,,,,,,,,,,,,,,,,,
0.661799817,5531.396808,0.794327608,5048.264292,0.849965794,4236.172303,,,,,,,,,,,,,,,,,,,,
0.666074521,5519.606957,0.806431688,5089.369562,0.854236308,4265.558947,,,,,,,,,,,,,,,,,,,,
0.671774325,5501.92637,0.809992345,5095.23097,0.857083517,4283.189257,,,,,,,,,,,,,,,,,,,,
0.675335581,5501.905421,0.819250413,5106.941217,0.859219672,4289.059044,,,,,,,,,,,,,,,,,,,,
0.680321938,5495.993737,0.824237368,5095.147176,0.865631728,4271.374268,,,,,,,,,,,,,,,,,,,,
0.686022341,5472.430793,0.831360477,5089.222922,0.872047375,4218.395352,,,,,,,,,,,,,,,,,,,,
0.688871345,5472.414035,0.837771935,5077.420502,0.87917228,4194.824029,,,,,,,,,,,,,,,,,,,,
0.696706108,5472.367948,0.850592455,5077.345087,0.882023081,4177.160201,,,,,,,,,,,,,,,,,,,,
0.700977221,5495.872235,0.85985172,5077.290621,0.888433341,4177.122493,,,,,,,,,,,,,,,,,,,,
0.706672836,5519.368143,0.868399332,5071.357988,0.891991604,4206.513327,,,,,,,,,,,,,,,,,,,,
0.711659192,5513.456459,0.881218057,5088.929642,0.896271096,4147.664624,,,,,,,,,,,,,,,,,,,,
0.718070051,5507.536395,0.889049827,5118.295338,0.901261044,4106.458801,,,,,,,,,,,,,,,,,,,,
0.720919055,5507.519636,0.893322137,5130.034912,0.904825891,4071.143714,,,,,,,,,,,,,,,,,,,,
0.728039173,5531.007165,0.897595644,5130.009774,0.914792618,4118.143909,,,,,,,,,,,,,,,,,,,,
0.730174729,5542.759309,0.906146249,5094.665359,0.916926977,4141.660766,,,,,,,,,,,,,,,,,,,,
0.733023734,5542.74255,0.913270555,5076.976392,0.92476174,4141.614679,,,,,,,,,,,,,,,,,,,,
0.736586785,5525.074532,0.918256912,5071.064708,0.933315936,4070.976125,,,,,,,,,,,,,,,,,,,,
0.738011287,5525.066153,0.92324267,5071.03538,0.936878987,4053.308107,,,,,,,,,,,,,,,,,,,,
0.742284794,5525.041014,0.928940679,5071.001862,0.946838533,4170.896581,,,,,,,,,,,,,,,,,,,,
0.747267559,5554.423469,0.933213587,5076.85908,0.951820699,4206.161391,,,,,,,,,,,,,,,,,,,,
0.752250325,5583.805923,0.937486496,5082.716298,0.957519307,4200.245517,,,,,,,,,,,,,,,,,,,,
0.760793747,5619.049785,0.943183308,5094.447494,0.963221506,4159.035504,,,,,,,,,,,,,,,,,,,,
0.766491756,5619.016267,0.947455617,5106.187068,0.96678336,4153.132199,,,,,,,,,,,,,,,,,,,,
0.772189765,5618.98275,0.953863484,5129.678787,0.97390228,4188.384441,,,,,,,,,,,,,,,,,,,,
0.777887774,5618.949232,0.957424141,5135.540195,0.978172795,4217.771085,,,,,,,,,,,,,,,,,,,,
0.783586981,5607.151001,0.963121551,5141.389033,0.984581259,4235.380447,,,,,,,,,,,,,,,,,,,,
0.789284391,5612.99984,0.970246457,5117.81771,0.991700778,4264.750332,,,,,,,,,,,,,,,,,,,,
0.792845048,5618.861248,0.973810107,5094.267336,0.99312528,4264.741953,,,,,,,,,,,,,,,,,,,,
0.794980605,5630.613392,0.979509313,5082.469105,0.995974285,4264.725194,,,,,,,,,,,,,,,,,,,,
0.797116161,5642.365536,0.984495669,5076.557421,,,,,,,,,,,,,,,,,,,,,,
0.804950325,5648.201805,0.99446539,5094.145834,,,,,,,,,,,,,,,,,,,,,,
0.80637363,5659.958139,0.995889892,5094.137455,,,,,,,,,,,,,,,,,,,,,,
0.809220241,5683.470806,,,,,,,,,,,,,,,,,,,,,,,,
0.814915856,5706.966714,,,,,,,,,,,,,,,,,,,,,,,,
0.817050813,5724.601214,,,,,,,,,,,,,,,,,,,,,,,,
0.821323722,5730.458432,,,,,,,,,,,,,,,,,,,,,,,,
0.828445036,5742.181248,,,,,,,,,,,,,,,,,,,,,,,,
0.839128205,5748.000759,,,,,,,,,,,,,,,,,,,,,,,,
0.844114561,5742.089074,,,,,,,,,,,,,,,,,,,,,,,,
0.832716747,5759.803179,,,,,,,,,,,,,,,,,,,,,,,,
0.844115758,5730.324362,,,,,,,,,,,,,,,,,,,,,,,,
0.851950521,5730.278275,,,,,,,,,,,,,,,,,,,,,,,,
0.858360781,5730.240567,,,,,,,,,,,,,,,,,,,,,,,,
0.86406298,5689.030554,,,,,,,,,,,,,,,,,,,,,,,,
0.866913181,5677.249083,,,,,,,,,,,,,,,,,,,,,,,,
0.870475036,5671.345778,,,,,,,,,,,,,,,,,,,,,,,,
0.878309798,5671.299691,,,,,,,,,,,,,,,,,,,,,,,,
0.881158803,5671.282932,,,,,,,,,,,,,,,,,,,,,,,,
0.884720058,5671.261983,,,,,,,,,,,,,,,,,,,,,,,,
0.888280716,5677.123391,,,,,,,,,,,,,,,,,,,,,,,,
0.895401431,5694.728563,,,,,,,,,,,,,,,,,,,,,,,,
0.897539382,5682.951281,,,,,,,,,,,,,,,,,,,,,,,,
0.902527534,5659.392528,,,,,,,,,,,,,,,,,,,,,,,,
0.906802836,5641.72032,,,,,,,,,,,,,,,,,,,,,,,,
0.910364092,5641.699371,,,,,,,,,,,,,,,,,,,,,,,,
0.91534985,5641.670043,,,,,,,,,,,,,,,,,,,,,,,,
0.921045465,5665.165952,,,,,,,,,,,,,,,,,,,,,,,,
0.925317775,5676.905526,,,,,,,,,,,,,,,,,,,,,,,,
0.928877833,5688.649291,,,,,,,,,,,,,,,,,,,,,,,,
0.935997352,5718.019176,,,,,,,,,,,,,,,,,,,,,,,,
0.941694164,5729.750371,,,,,,,,,,,,,,,,,,,,,,,,
0.94525542,5729.729422,,,,,,,,,,,,,,,,,,,,,,,,
0.952376734,5741.452238,,,,,,,,,,,,,,,,,,,,,,,,
0.960210898,5747.288508,,,,,,,,,,,,,,,,,,,,,,,,
0.965909506,5741.372634,,,,,,,,,,,,,,,,,,,,,,,,
0.968047456,5729.595352,,,,,,,,,,,,,,,,,,,,,,,,
0.972323357,5706.040787,,,,,,,,,,,,,,,,,,,,,,,,
0.975886409,5688.37277,,,,,,,,,,,,,,,,,,,,,,,,
0.978736012,5682.473654,,,,,,,,,,,,,,,,,,,,,,,,
0.980873364,5676.578729,,,,,,,,,,,,,,,,,,,,,,,,
0.985859122,5676.549401,,,,,,,,,,,,,,,,,,,,,,,,
0.987995875,5676.536831,,,,,,,,,,,,,,,,,,,,,,,,
0.991557131,5676.515883,,,,,,,,,,,,,,,,,,,,,,,,
0.993693884,5676.503314,,,,,,,,,,,,,,,,,,,,,,,,
0.995118386,5676.494934,,,,,,,,,,,,,,,,,,,,,,,,
0.996542889,5676.486555,,,,,,,,,,,,,,,,,,,,,,,,
